date,open,high,low,close
2005-01-03,2070.32,2088.87,1977.65,1989.46
2005-01-04,1985.98,2022.63,1977.9,2022.36
2005-01-05,2021.98,2064.44,2008.74,2042.3
2005-01-06,2056.19,2084.21,2016.35,2017.31
2005-01-07,2008.94,2033.74,2002.7,2023.96
2005-01-10,2019.1,2035.96,1973.23,1974.83
2005-01-11,1977.4,2040.07,1970.18,2029.17
2005-01-12,2034.79,2040.24,1987.27,2005.19
2005-01-13,1995.92,2017.16,1993.67,1995.34
2005-01-14,1986.16,1990.11,1982.61,1983.52
2005-01-17,1987.5,2004.49,1982.05,2000.55
2005-01-18,1981.77,1994.28,1975.11,1981.55
2005-01-19,1978.82,2015.19,1975.35,2014.66
2005-01-20,2009.71,2045.46,2001.91,2028.85
2005-01-21,2028.58,2067.06,2025.75,2061.58
2005-01-24,2054.12,2106.95,2051.57,2101.94
2005-01-25,2096.24,2134.27,2092.24,2122.24
2005-01-26,2114.56,2117.49,2082.99,2097.14
2005-01-27,2100.92,2101.69,2050,2067.86
2005-01-28,2067.05,2105.56,2063.52,2101.01
2005-01-31,2089.46,2150.65,2069.85,2125
2005-02-01,2117.22,2146.69,2114.43,2139.7
2005-02-02,2129.83,2130.33,2103.8,2122.51
2005-02-03,2128.42,2136,2101.06,2112.61
2005-02-04,2113.89,2138.96,2098.19,2106.21
2005-02-07,2094.51,2146.73,2091.05,2135.81
2005-02-08,2135.36,2145.77,2121.14,2129.75
2005-02-09,2127.52,2137.28,2099.24,2127.39
2005-02-10,2122.6,2130.6,2101.11,2104.43
2005-02-11,2087.1,2126.77,2080.24,2124.79
2005-02-14,2136.57,2139.38,2130.43,2130.61
2005-02-15,2124.8,2159.41,2123.33,2143.44
2005-02-16,2135.13,2137.81,2108.17,2111.93
2005-02-17,2101.78,2137.6,2091.26,2120.33
2005-02-18,2123.46,2125.51,2101.02,2106.14
2005-02-21,2114.15,2154.77,2110.39,2139.4
2005-02-22,2139.83,2167.38,2128.13,2151.37
2005-02-23,2149.8,2179.78,2134.41,2173.58
2005-02-24,2169.12,2182.15,2154.86,2157.85
2005-02-25,2153.32,2194.79,2145.45,2175.03
2005-02-28,2201.16,2205,2164.13,2169.58
2005-03-01,2181.37,2195.66,2176.8,2192.73
2005-03-02,2191.72,2195.41,2161.4,2169.95
2005-03-03,2167.21,2197.17,2165.31,2195.51
2005-03-04,2201.58,2216.06,2196.23,2209.11
2005-03-07,2214.66,2224.25,2206.49,2211.25
2005-03-08,2205.64,2215.16,2190.58,2198.38
2005-03-09,2225.08,2227.08,2194.5,2203.72
2005-03-10,2223.43,2235.16,2174.48,2178.17
2005-03-11,2184.49,2189.08,2121.97,2124.16
2005-03-14,2143.76,2160.37,2122.35,2127.32
2005-03-15,2140.25,2165.14,2116.99,2145.76
2005-03-16,2145.69,2165.05,2124.92,2158.22
2005-03-17,2169.68,2182.47,2164.47,2167.72
2005-03-18,2181.12,2183.63,2132.77,2135
2005-03-21,2128.06,2138.6,2122.64,2134.62
2005-03-22,2141.69,2175.3,2138.74,2175.2
2005-03-23,2173.8,2174,2138.95,2143.01
2005-03-24,2129.77,2153.34,2116.48,2152.46
2005-03-25,2149.92,2150.91,2132.86,2136.64
2005-03-28,2140.05,2148.12,2118.81,2132.34
2005-03-29,2129.98,2156.6,2122.6,2152.97
2005-03-30,2156.82,2191.07,2147.37,2174.05
2005-03-31,2185.15,2245.06,2179.75,2223.2
2005-04-01,2231.07,2233.98,2210.47,2216.74
2005-04-04,2201.27,2212.46,2186.68,2204.39
2005-04-05,2202.37,2244.31,2194.43,2234.13
2005-04-06,2232.35,2233.23,2199.02,2206.32
2005-04-07,2202.52,2236.52,2198.2,2233.3
2005-04-08,2233.06,2239.15,2205.53,2212.11
2005-04-11,2209.35,2211.25,2191.83,2203.99
2005-04-12,2209.1,2248.57,2201.19,2247.97
2005-04-13,2246.39,2260.56,2239.9,2249.99
2005-04-14,2263,2348.43,2251.99,2332.39
2005-04-15,2329.43,2345.65,2304.83,2343.28
2005-04-18,2345.44,2422.52,2345.32,2416.64
2005-04-19,2421.61,2423.82,2408.26,2408.95
2005-04-20,2432.13,2449.49,2388.79,2396.94
2005-04-21,2408.39,2413.07,2370.37,2390.65
2005-04-22,2400.33,2419.76,2359.6,2361.65
2005-04-25,2359.48,2382.65,2322.25,2334.42
2005-04-26,2327.81,2343.31,2312.82,2316.65
2005-04-27,2307.65,2376.66,2302.04,2365.98
2005-04-28,2352.67,2358.82,2343.24,2352.84
2005-04-29,2339.05,2346.52,2296.73,2309.72
2005-05-02,2307.46,2351.06,2302.65,2331.61
2005-05-03,2335.81,2338.03,2333.61,2335.39
2005-05-04,2333.03,2382.46,2329.38,2366.47
2005-05-05,2372.89,2385.37,2348.32,2356.75
2005-05-06,2351.81,2374.13,2325.06,2334.12
2005-05-09,2334.75,2416.66,2322.24,2397.86
2005-05-10,2390.81,2427.71,2383.91,2412.44
2005-05-11,2419.41,2419.51,2406.33,2412.45
2005-05-12,2437.71,2446.63,2412.15,2427.97
2005-05-13,2442.39,2459.7,2380.07,2405.14
2005-05-16,2391.06,2481.7,2381.66,2464.4
2005-05-17,2451.07,2521.67,2442.07,2521.16
2005-05-18,2532.85,2554.64,2482.52,2495.06
2005-05-19,2487.22,2493.56,2477.4,2489.86
2005-05-20,2496.13,2523.61,2474.69,2501.88
2005-05-23,2518.37,2520.25,2388.55,2399.26
2005-05-24,2415.85,2427.61,2382.9,2385.16
2005-05-25,2382.85,2398.23,2355.13,2378.49
2005-05-26,2377.61,2383.23,2342.88,2363.28
2005-05-27,2362.78,2393.16,2359.08,2379.2
2005-05-30,2372.5,2394.22,2359.4,2369.6
2005-05-31,2381.74,2417.75,2370.43,2370.74
2005-06-01,2379.46,2380.61,2371.86,2376.22
2005-06-02,2363.53,2384.9,2351.22,2373.33
2005-06-03,2375.28,2385.38,2343.21,2358.61
2005-06-06,2370.95,2390.96,2307.73,2315.21
2005-06-07,2319.32,2339.47,2314.25,2331.45
2005-06-08,2305.15,2318.28,2234.18,2248.86
2005-06-09,2250.44,2284.23,2243.06,2282.8
2005-06-10,2290.47,2335.77,2278.4,2320.14
2005-06-13,2321.3,2338.29,2302.79,2335.6
2005-06-14,2360.2,2372.19,2304.39,2315.02
2005-06-15,2306.91,2363.87,2291.3,2338.86
2005-06-16,2339.31,2371.6,2331.01,2359.2
2005-06-17,2367.56,2390.45,2366.94,2378.39
2005-06-20,2372.55,2453.73,2367.23,2438.3
2005-06-21,2429.11,2477.16,2418.53,2460.84
2005-06-22,2472.63,2486.1,2451.51,2482.04
2005-06-23,2468.88,2507.11,2468.31,2475.84
2005-06-24,2475.75,2573.87,2473.47,2573.24
2005-06-27,2574.21,2585.4,2567.9,2583.39
2005-06-28,2607.31,2607.41,2541.47,2558.84
2005-06-29,2553.72,2569.02,2542.57,2547.7
2005-06-30,2545.18,2611.86,2539.29,2592.83
2005-07-01,2590.57,2619.1,2586.92,2609.25
2005-07-04,2603.56,2629.99,2583.26,2616.77
2005-07-05,2624.9,2656.65,2612.42,2653.55
2005-07-06,2649.08,2747.39,2637.46,2740.51
2005-07-07,2724.28,2769.4,2704.65,2749.92
2005-07-08,2777.45,2780.65,2719.43,2737.75
2005-07-11,2756.57,2767.67,2740.4,2762.04
2005-07-12,2774.65,2794.3,2771.99,2788.53
2005-07-13,2805.28,2813.02,2775.54,2779.14
2005-07-14,2761.84,2773.27,2730.11,2730.27
2005-07-15,2736.45,2738.45,2664.62,2672.92
2005-07-18,2672.57,2691.75,2672.15,2690.03
2005-07-19,2707.39,2740.72,2690.68,2738.77
2005-07-20,2737.45,2779.77,2722.31,2759.64
2005-07-21,2760.01,2778.82,2717.76,2718.58
2005-07-22,2730.01,2747.49,2673.26,2673.29
2005-07-25,2675.13,2683.21,2649.84,2657.21
2005-07-26,2646.12,2657.13,2622.05,2637.82
2005-07-27,2648.36,2692.28,2644.95,2687.02
2005-07-28,2681.6,2710.31,2679.89,2706.64
2005-07-29,2720.71,2734.97,2693.19,2699.53
2005-08-01,2694.89,2712.01,2688.29,2697.15
2005-08-02,2711.55,2726.37,2687.83,2694.01
2005-08-03,2690.54,2701.36,2645.89,2661.61
2005-08-04,2673.31,2687.51,2672.01,2681.96
2005-08-05,2686.32,2708.27,2681.46,2702.5
2005-08-08,2685.61,2737.01,2683.46,2726.43
2005-08-09,2744.14,2746.86,2711.83,2713.85
2005-08-10,2702.13,2711.38,2666.17,2679.43
2005-08-11,2665.08,2689.94,2655.93,2676.55
2005-08-12,2681.92,2696.06,2637.98,2658.44
2005-08-15,2673.71,2698.09,2661.35,2676.74
2005-08-16,2686.49,2739.94,2685.91,2718.31
2005-08-17,2699.17,2751.35,2698.57,2733.73
2005-08-18,2754.53,2762.16,2734.77,2740.42
2005-08-19,2760.54,2770.9,2739.67,2747.44
2005-08-22,2739.97,2775.37,2725.34,2771.31
2005-08-23,2764.89,2872.58,2746.15,2868.17
2005-08-24,2877.51,2891.02,2846.65,2852.62
2005-08-25,2863.49,2909.51,2848.38,2897.43
2005-08-26,2890.62,2973.24,2883.62,2967.76
2005-08-29,2975.21,2979.24,2970.21,2973.21
2005-08-30,2968.49,2986.97,2917.77,2981.57
2005-08-31,2993.93,3000.4,2941.34,2964.07
2005-09-01,2981.95,2984.59,2955.32,2965.75
2005-09-02,2945.67,2984.67,2914.57,2965.22
2005-09-05,2982.13,2989.49,2917.21,2939.05
2005-09-06,2938.22,2939.24,2921.53,2922.05
2005-09-07,2944.07,2953.02,2857.3,2869.98
2005-09-08,2892.46,2932.22,2850.88,2885.69
2005-09-09,2880.57,2926.58,2848.31,2912.1
2005-09-12,2892.52,3022.08,2887.08,3011.84
2005-09-13,3011.6,3049.09,2992.2,3031.21
2005-09-14,3036.53,3053.58,2987.9,3010.94
2005-09-15,3012.53,3025.73,2934.26,2945.09
2005-09-16,2946.22,2953.26,2913.87,2940.63
2005-09-19,2938.48,2952.57,2927.9,2949.02
2005-09-20,2940.02,2951.78,2888.83,2888.92
2005-09-21,2883.76,2899.55,2870.55,2898.51
2005-09-22,2919.91,2925.68,2917.69,2924.48
2005-09-23,2933.33,2945.87,2879.83,2889.54
2005-09-26,2902.82,2927.09,2894.34,2924.37
2005-09-27,2933.79,2964.54,2928.72,2955.47
2005-09-28,2937.47,2969.12,2931.11,2952.24
2005-09-29,2963.98,3046.56,2947.16,3043.85
2005-09-30,3060.77,3078.07,3041.96,3066.14
2005-10-03,3040.54,3079.6,3024.99,3072.56
2005-10-04,3066.81,3102.53,3021.53,3040.09
2005-10-05,3049.32,3055.65,2977.24,3012.27
2005-10-06,3002.63,3003.46,2990.65,2998.85
2005-10-07,3003.59,3009.01,2926.41,2964.93
2005-10-10,2956.67,3011.64,2950.32,2998.14
2005-10-11,3007.11,3023.85,3001.11,3001.55
2005-10-12,2986.64,3015.19,2950.16,2955.41
2005-10-13,2947.83,3024.79,2947.38,2992.35
2005-10-14,3001.68,3013.18,2980.31,2986.13
2005-10-17,2987.79,2996.78,2973.14,2989.17
2005-10-18,2999.36,3003.38,2929.94,2954.05
2005-10-19,2946.15,2980.07,2925.37,2957.7
2005-10-20,2974.61,2992.1,2910.64,2913.99
2005-10-21,2921.56,2925,2890.54,2895.73
2005-10-24,2891.88,2895.58,2839.94,2839.98
2005-10-25,2857.67,2936.91,2842.05,2914.04
2005-10-26,2927.11,2929.38,2867.66,2881.92
2005-10-27,2896.15,2907.18,2862.69,2879.04
2005-10-28,2871.81,2933.62,2871.55,2896.77
2005-10-31,2902.93,2919.76,2899.07,2919.18
2005-11-01,2913.58,2924.57,2903.38,2910.15
2005-11-02,2917.29,2939.07,2914.25,2933.45
2005-11-03,2943.27,2979.76,2935.93,2973.64
2005-11-04,2970.51,3049.07,2969.27,3043.29
2005-11-07,3048.91,3118.69,3039.55,3087.62
2005-11-08,3083.98,3097.6,3074.14,3088.16
2005-11-09,3088.11,3111.88,3040.73,3041.56
2005-11-10,3027.73,3053.59,3022.17,3050.18
2005-11-11,3039.69,3052.44,2985.91,2992.43
2005-11-14,2987,2996.28,2940.21,2945.02
2005-11-15,2921.58,2929,2895.56,2898.18
2005-11-16,2895.42,2909.82,2847.57,2859.32
2005-11-17,2860.56,2908.14,2847.31,2906.19
2005-11-18,2909.93,2950.2,2900.13,2941.87
2005-11-21,2939.32,2941.59,2874.46,2884.97
2005-11-22,2889.71,2906.42,2879.02,2897.82
2005-11-23,2898.84,2941.38,2887.01,2940.06
2005-11-24,2943.74,2951.69,2848.99,2858.19
2005-11-25,2868.35,2922.78,2860.3,2911.24
2005-11-28,2910.21,2930.36,2867.31,2891.5
2005-11-29,2893.27,2928.83,2878.03,2920.8
2005-11-30,2924.74,2996.3,2918.94,2973.78
2005-12-01,2952.82,2990.48,2946.63,2986.15
2005-12-02,2982.99,3010.59,2969.76,2994.92
2005-12-05,2994.11,3047.89,2975.67,3027.3
2005-12-06,3031.98,3109.42,3016.66,3085.73
2005-12-07,3095.32,3103.92,3025.11,3050.71
2005-12-08,3054.8,3072.83,3031.88,3055.38
2005-12-09,3054.55,3063.06,2981.31,2993.04
2005-12-12,2994.11,3023.22,2986.94,3014.12
2005-12-13,3016.15,3035.58,2991.08,3026.22
2005-12-14,3029,3039.36,3005.42,3007.94
2005-12-15,3022.39,3030.66,2958.49,2971.14
2005-12-16,2975.3,3005.68,2954.27,2976.08
2005-12-19,3010.53,3018.53,2991.36,2992.37
2005-12-20,3000.67,3022.25,2968.54,2976.14
2005-12-21,2981.45,2992.31,2961.15,2990.42
2005-12-22,2986.34,3039.75,2980.76,3029.76
2005-12-23,3039.01,3129.99,3030.69,3113.1
2005-12-26,3112.03,3123.14,3057.35,3065.71
2005-12-27,3078.41,3085.07,2995.94,3009.57
2005-12-28,3000.26,3034.28,2958.02,3032.09
2005-12-29,3038.03,3060.63,2993.32,2993.76
2005-12-30,2997.92,3048.85,2966.54,3038.49
2006-01-02,3030.98,3075.25,3019.59,3072.3
2006-01-03,3073.74,3119.87,3052.87,3105.83
2006-01-04,3102.7,3119.58,3071.96,3082.62
2006-01-05,3091.84,3121.05,3002.81,3014.54
2006-01-06,3019.62,3073.98,2981.38,3052.64
2006-01-09,3056.32,3125.25,3053.95,3111.82
2006-01-10,3099.3,3109.85,3017.61,3055.84
2006-01-11,3067.45,3082.75,3052.96,3060.46
2006-01-12,3049.26,3132.75,3040.57,3119.04
2006-01-13,3126.86,3161.11,3108.42,3146.2
2006-01-16,3133.43,3190.92,3129.63,3162.97
2006-01-17,3182.05,3199.55,3159.52,3192.26
2006-01-18,3199.36,3221.57,3167.68,3178.94
2006-01-19,3190.2,3199.8,3142.58,3157.66
2006-01-20,3141.11,3260.87,3114.43,3236.46
2006-01-23,3224.19,3252.7,3191.06,3198.92
2006-01-24,3194.8,3243.72,3188.09,3241.97
2006-01-25,3223.71,3311.5,3217.7,3303.91
2006-01-26,3283.41,3309.05,3276.37,3288.81
2006-01-27,3285.49,3320.56,3234.99,3241.22
2006-01-30,3225.13,3260.56,3224.52,3249.58
2006-01-31,3230.65,3238.64,3197.76,3216.17
2006-02-01,3217.43,3305.72,3201.43,3266.57
2006-02-02,3266.87,3280.35,3209.57,3216.44
2006-02-03,3214.62,3252.22,3208.69,3230.95
2006-02-06,3227.47,3274.69,3222.8,3271.9
2006-02-07,3272.97,3273.7,3190.67,3204.2
2006-02-08,3230.31,3249.42,3215.61,3241.85
2006-02-09,3240.64,3293.72,3229.88,3278.15
2006-02-10,3264.27,3298.36,3205.34,3294.02
2006-02-13,3279.57,3281.72,3180.31,3197.66
2006-02-14,3200.58,3213.51,3166.21,3198.64
2006-02-15,3225.51,3340.76,3214.72,3335.09
2006-02-16,3331,3335.21,3284.92,3289.13
2006-02-17,3310.38,3342.51,3298.03,3324.94
2006-02-20,3354.38,3362.64,3168.03,3185.99
2006-02-21,3154.9,3233.06,3152.16,3203.06
2006-02-22,3196.6,3238.6,3195.86,3234.03
2006-02-23,3223.15,3235.35,3204.56,3214.55
2006-02-24,3223.82,3234.13,3196.18,3210.06
2006-02-27,3191.84,3215.55,3127.36,3146.94
2006-02-28,3149.02,3179.75,3110.04,3162.68
2006-03-01,3157.3,3235.4,3155.71,3229.95
2006-03-02,3234.27,3314.61,3219.45,3310.25
2006-03-03,3321.71,3321.72,3205.63,3219.6
2006-03-06,3237.82,3258.68,3234.37,3241.56
2006-03-07,3246.49,3261.33,3243.61,3254
2006-03-08,3252.08,3261.42,3233.39,3239.46
2006-03-09,3242.92,3307.27,3225.45,3288.17
2006-03-10,3270.98,3337.14,3257.04,3335.89
2006-03-13,3338.13,3390.4,3328.66,3388.56
2006-03-14,3391.01,3406.81,3333.94,3355.98
2006-03-15,3349.14,3370.31,3341.19,3364.86
2006-03-16,3377.11,3416.56,3376.08,3411.65
2006-03-17,3402.31,3425.77,3373.25,3414.02
2006-03-20,3405.98,3406.67,3369.95,3384.94
2006-03-21,3386.62,3447.05,3379.48,3439.49
2006-03-22,3436.31,3484.91,3429.9,3473.35
2006-03-23,3455.46,3557.28,3445.25,3549.65
2006-03-24,3551.19,3654.48,3551.17,3648.3
2006-03-27,3650.66,3696.76,3632.96,3692.81
2006-03-28,3689.79,3701.61,3663.84,3687.05
2006-03-29,3676.66,3686.52,3626.47,3640.39
2006-03-30,3632.89,3683.03,3630.75,3673.7
2006-03-31,3651.04,3654.85,3577.74,3614.67
2006-04-03,3622.96,3645.34,3606.96,3611.94
2006-04-04,3600.09,3610.46,3581.73,3600.66
2006-04-05,3584.16,3617.67,3528.93,3552.78
2006-04-06,3547.33,3702.8,3526.86,3690.94
2006-04-07,3697.86,3702.22,3606.28,3617.55
2006-04-10,3615.25,3631.9,3515.1,3521.83
2006-04-11,3536.69,3558.06,3474.74,3483.56
2006-04-12,3493.08,3569.13,3471.69,3541.66
2006-04-13,3536.32,3556.38,3403.29,3418.58
2006-04-14,3427.61,3442.18,3413.73,3425.37
2006-04-17,3413.48,3445.87,3378.9,3439.35
2006-04-18,3435.5,3491.66,3430.29,3477.95
2006-04-19,3475.64,3493.65,3460.96,3486.3
2006-04-20,3507.9,3508.35,3420.94,3442.53
2006-04-21,3454.07,3473.41,3407.27,3431.08
2006-04-24,3428.72,3442.73,3408.59,3426.18
2006-04-25,3417.51,3435.69,3396.32,3397.1
2006-04-26,3392.15,3492.1,3385.15,3481.54
2006-04-27,3493.3,3500.39,3473.29,3474.14
2006-04-28,3476.95,3481.58,3365.08,3378.47
2006-05-01,3387.24,3414.2,3334.85,3357.04
2006-05-02,3362.89,3415.68,3356.77,3385.4
2006-05-03,3387.57,3403.85,3300.92,3324.93
2006-05-04,3302,3377.33,3299.81,3367.88
2006-05-05,3365.49,3382.01,3287.74,3303.11
2006-05-08,3328.77,3341.02,3234.48,3249.47
2006-05-09,3227.11,3359.89,3210.78,3321.22
2006-05-10,3333.04,3416.23,3306.99,3394.82
2006-05-11,3411.62,3411.85,3340.75,3342.84
2006-05-12,3328.98,3329.52,3323.19,3323.49
2006-05-15,3347.85,3382.56,3344.84,3371.47
2006-05-16,3356.19,3436.91,3349.08,3418.78
2006-05-17,3430.1,3442.64,3291.61,3299.86
2006-05-18,3294.69,3358.27,3294.23,3356
2006-05-19,3378.33,3407.29,3372.13,3392.75
2006-05-22,3398.29,3421.88,3369.82,3371.66
2006-05-23,3349.62,3390.69,3346.03,3369.9
2006-05-24,3369.77,3385.42,3366.34,3366.54
2006-05-25,3391.33,3458.78,3374.28,3450.33
2006-05-26,3457.99,3483.3,3436.56,3441.99
2006-05-29,3443.84,3454,3369.19,3377.18
2006-05-30,3382.85,3383.92,3307.48,3333.09
2006-05-31,3332.2,3409.47,3329.25,3368.82
2006-06-01,3381.06,3384.22,3320.91,3343.03
2006-06-02,3356.16,3366.47,3316.37,3318.76
2006-06-05,3304.01,3318.34,3297.62,3298.27
2006-06-06,3294.94,3313.59,3186.91,3236.15
2006-06-07,3235.7,3251.75,3162.49,3167.15
2006-06-08,3184.39,3208.78,3145.98,3147.9
2006-06-09,3161.26,3199.29,3156.18,3198.41
2006-06-12,3201.19,3238.27,3197.52,3228.3
2006-06-13,3212.66,3230.02,3190.94,3202.38
2006-06-14,3199.52,3208.63,3154.43,3157.5
2006-06-15,3174.39,3179.27,3104.35,3112
2006-06-16,3118.73,3119.01,3080.75,3087.28
2006-06-19,3062.88,3096.32,3061.34,3095.57
2006-06-20,3112.78,3131.1,3092.42,3104.52
2006-06-21,3125.53,3147.43,3089.27,3101.7
2006-06-22,3101.53,3103.61,3065.98,3095.34
2006-06-23,3086.32,3093.74,3031.2,3045.19
2006-06-26,3063.38,3082.44,3022.11,3028.57
2006-06-27,3028.58,3038.93,2993.94,3012.81
2006-06-28,3026.77,3047.5,3018.92,3039.04
2006-06-29,3041.74,3049.46,2944.74,2963
2006-06-30,2986.58,3064.64,2972.18,3044.49
2006-07-03,3031.48,3035.79,2986.29,2997.67
2006-07-04,2982.71,3075.87,2978.91,3064.46
2006-07-05,3061.18,3070.03,2937.72,2949.61
2006-07-06,2957.65,2968.92,2937.07,2961.27
2006-07-07,2947.54,2972.28,2888.93,2893.09
2006-07-10,2900.21,2950.27,2878.28,2931.84
2006-07-11,2916.96,2956.63,2902.57,2943.2
2006-07-12,2951.08,2967.35,2897.05,2898.05
2006-07-13,2876.31,2939.98,2871.48,2918.61
2006-07-14,2926.85,2958.64,2916.95,2939.45
2006-07-17,2936.42,2949.89,2891.75,2899.79
2006-07-18,2905.91,2913.4,2803,2812.63
2006-07-19,2813.48,2821.86,2783.33,2806.11
2006-07-20,2808.45,2861.66,2782.44,2847.97
2006-07-21,2827.55,2879.94,2811.1,2870.48
2006-07-24,2867.75,2878.87,2832.7,2843.05
2006-07-25,2853.98,2860.12,2825.56,2826.55
2006-07-26,2825.77,2860.64,2813.71,2857.48
2006-07-27,2874.47,2877.64,2853.31,2859.67
2006-07-28,2855.08,2968.46,2843.97,2950.96
2006-07-31,2941.76,2964.17,2933.31,2956.14
2006-08-01,2945.37,2998.02,2942.46,2986.8
2006-08-02,2973.69,2978.16,2944.24,2973.82
2006-08-03,2968.22,2973.16,2880.02,2901.6
2006-08-04,2901.22,2923.75,2869.83,2891.1
2006-08-07,2902.06,2908.48,2878.69,2895.7
2006-08-08,2906.99,2929.66,2889.68,2894.95
2006-08-09,2894.69,2896.43,2876.48,2888.23
2006-08-10,2889.56,2893.37,2874.18,2877.58
2006-08-11,2881.21,2927.76,2861.5,2868.41
2006-08-14,2878.13,2890.91,2781.52,2792.36
2006-08-15,2782.19,2790.51,2680.69,2708.4
2006-08-16,2715.75,2723.56,2702.96,2714.88
2006-08-17,2728.47,2758.88,2723.63,2738.99
2006-08-18,2736.36,2844.85,2726.23,2837.03
2006-08-21,2854.5,2867.87,2845.2,2855.55
2006-08-22,2875.49,2904.57,2855.42,2859.8
2006-08-23,2860.74,2877.38,2836.45,2855.59
2006-08-24,2852.24,2918.49,2840.2,2892.76
2006-08-25,2889.4,2919.87,2856.16,2873.56
2006-08-28,2892,2919.91,2875.99,2911.56
2006-08-29,2915.89,2982.4,2903.74,2964.15
2006-08-30,2977.3,3087.25,2963.11,3070.25
2006-08-31,3071.83,3188.51,3068.21,3168
2006-09-01,3149.02,3204.14,3128.57,3200.66
2006-09-04,3196.54,3220.03,3130.18,3134.4
2006-09-05,3128.32,3148.79,3099.03,3119.66
2006-09-06,3133.09,3203.78,3108.31,3197.17
2006-09-07,3194.7,3214,3186.7,3189.2
2006-09-08,3174.62,3202.09,3160.91,3171.54
2006-09-11,3175.7,3181.64,3111.58,3137.04
2006-09-12,3135.22,3185.27,3133,3173.77
2006-09-13,3153.78,3172.79,3145.97,3166.02
2006-09-14,3167.26,3187.18,3106.09,3113.64
2006-09-15,3125.23,3135.16,3063.79,3094.48
2006-09-18,3101.22,3113.14,3079.98,3087.66
2006-09-19,3074.57,3240.18,3067.38,3209.28
2006-09-20,3205.52,3298.05,3188.34,3279.61
2006-09-21,3258.77,3269.33,3243.86,3269.3
2006-09-22,3261.25,3273.73,3216.77,3230.69
2006-09-25,3207.79,3343.72,3200.43,3319.03
2006-09-26,3323.91,3373.04,3298.33,3345.09
2006-09-27,3354.9,3358.79,3310.33,3333.82
2006-09-28,3294.32,3341.65,3233.91,3279.19
2006-09-29,3272.2,3284.16,3191.43,3211.85
2006-10-02,3203.41,3208.69,3191.37,3191.68
2006-10-03,3196.58,3264.26,3188.06,3258.73
2006-10-04,3266.75,3325.09,3264.97,3309.6
2006-10-05,3314.08,3329.22,3209.34,3216.43
2006-10-06,3245.07,3321.21,3240.07,3297.09
2006-10-09,3266.5,3276.1,3244.44,3252.01
2006-10-10,3234.21,3237.71,3195.38,3236.32
2006-10-11,3245.88,3381.63,3226.66,3357.04
2006-10-12,3337.08,3448.59,3328.29,3425.41
2006-10-13,3424.3,3433.45,3332.63,3369.62
2006-10-16,3368.37,3375.71,3333.36,3337.51
2006-10-17,3320.41,3334.79,3253.96,3271.65
2006-10-18,3257.58,3312.04,3223.43,3312.02
2006-10-19,3318.83,3379.56,3299.81,3355.17
2006-10-20,3358.46,3413.05,3357.53,3403.17
2006-10-23,3407.84,3420.3,3362.95,3374.73
2006-10-24,3344.74,3408.59,3333.9,3405.74
2006-10-25,3406.78,3428.45,3321.33,3338.19
2006-10-26,3333.47,3382.38,3306.11,3380.91
2006-10-27,3401.33,3401.91,3305.32,3308.02
2006-10-30,3294.59,3482.45,3280.05,3475.59
2006-10-31,3476.46,3488.83,3424.39,3458.14
2006-11-01,3456.5,3502.81,3456.28,3474.05
2006-11-02,3459.67,3540.31,3442.01,3512.67
2006-11-03,3528.75,3546.06,3491.49,3505.66
2006-11-06,3504.23,3544.97,3494.7,3528.61
2006-11-07,3534.97,3540.56,3501.48,3525.18
2006-11-08,3513.13,3611.42,3506.2,3579.95
2006-11-09,3565.18,3580.32,3478.8,3488.31
2006-11-10,3514.35,3525.27,3359.64,3362.06
2006-11-13,3376.63,3447.49,3364.32,3438.6
2006-11-14,3433.35,3440.05,3404.51,3408.87
2006-11-15,3420.6,3517.62,3413.58,3491.74
2006-11-16,3509.26,3522.87,3489.81,3500.84
2006-11-17,3525.14,3550.99,3438.41,3440.48
2006-11-20,3450.59,3461.13,3414.46,3431.86
2006-11-21,3427.23,3432.03,3335.57,3340.03
2006-11-22,3351.52,3383.51,3346.76,3350.03
2006-11-23,3362.63,3372.93,3244.18,3255.92
2006-11-24,3228.69,3330.11,3222.19,3325.85
2006-11-27,3299.72,3300.89,3267.26,3275.8
2006-11-28,3293.13,3403.67,3277.21,3403.14
2006-11-29,3379.75,3467.11,3367.49,3462.07
2006-11-30,3463.33,3519.25,3450.84,3507.21
2006-12-01,3507.96,3513.03,3471.71,3508.44
2006-12-04,3516.39,3517.13,3388.23,3452.37
2006-12-05,3459.48,3536.14,3448.17,3528.47
2006-12-06,3533.47,3544.73,3469.57,3500.69
2006-12-07,3517.4,3531.22,3479.1,3501.2
2006-12-08,3496.57,3521.92,3451.61,3499.92
2006-12-11,3496.7,3537.09,3470.62,3523.88
2006-12-12,3530.67,3535.56,3493.73,3501.08
2006-12-13,3496.22,3516.04,3490.49,3505.34
2006-12-14,3514.51,3529.82,3464.5,3467.48
2006-12-15,3434.48,3441.85,3424.11,3430.34
2006-12-18,3458.19,3465.58,3364.8,3381.26
2006-12-19,3386.91,3438.55,3382.18,3437.17
2006-12-20,3424.2,3478.62,3396.51,3473.04
2006-12-21,3477.58,3521.74,3438.43,3441.59
2006-12-22,3464.43,3514.16,3460.96,3513.36
2006-12-25,3527.53,3535.29,3515.71,3524.92
2006-12-26,3548.61,3560.38,3455.5,3469.81
2006-12-27,3478.09,3508.09,3408.89,3424.84
2006-12-28,3424.84,3470.22,3424.24,3470.07
2006-12-29,3469.19,3471.38,3387.7,3413
2007-01-01,3427.79,3490.23,3391.83,3489.95
2007-01-02,3505.27,3534.89,3496.7,3524.88
2007-01-03,3527.69,3538.46,3499.26,3511.31
2007-01-04,3513.16,3524.5,3463.17,3486.02
2007-01-05,3474.04,3518.9,3465.18,3516.83
2007-01-08,3504.45,3552.59,3486.22,3541.04
2007-01-09,3536.41,3559.51,3414.93,3429.25
2007-01-10,3414.51,3504.63,3373.72,3488.38
2007-01-11,3488.53,3613.73,3473.95,3607.87
2007-01-12,3596.24,3654.83,3573.46,3630.17
2007-01-15,3646.94,3692.56,3589.04,3596.16
2007-01-16,3590.51,3615.27,3466.02,3489.12
2007-01-17,3498.49,3562.94,3488.42,3556.53
2007-01-18,3549.37,3645.96,3541.06,3611.79
2007-01-19,3582.71,3683.87,3569.7,3659.96
2007-01-22,3663.46,3729.24,3658.86,3704.35
2007-01-23,3708.04,3772.42,3697.24,3756.15
2007-01-24,3752.74,3801.02,3747.74,3782.69
2007-01-25,3781.15,3786.45,3762.48,3780.78
2007-01-26,3799.86,3914.88,3778.82,3909.41
2007-01-29,3891.27,3900.15,3866.3,3879.56
2007-01-30,3847.05,3931.06,3838.98,3922.4
2007-01-31,3929.25,3985.81,3916.31,3959.91
2007-02-01,3948.44,3952.53,3944.25,3947.01
2007-02-02,3946.69,4022.05,3921.8,3987.54
2007-02-05,4003.2,4017.45,3879.4,3886.62
2007-02-06,3859.93,3860.23,3845.48,3846.93
2007-02-07,3887.22,3972.53,3856.64,3929.13
2007-02-08,3932.15,3992.07,3918.67,3953.62
2007-02-09,3973.44,3990.69,3935.2,3959.64
2007-02-12,3936.6,3989.01,3930.32,3985.11
2007-02-13,3984.22,3986.75,3930.9,3937.28
2007-02-14,3935.25,3991.39,3924.82,3988.67
2007-02-15,4005.98,4006.77,3971.4,4006.07
2007-02-16,4020.04,4029.75,3988.62,3999.96
2007-02-19,4016.49,4067.63,3997.79,4060.31
2007-02-20,4065.81,4081.43,4041.08,4069.56
2007-02-21,4088.68,4103.35,3998.34,4008.27
2007-02-22,4008.94,4027.42,3972.2,3993.34
2007-02-23,3989.26,4081.83,3954.06,4056.11
2007-02-26,4031.66,4038.57,4026.83,4036.2
2007-02-27,4036.67,4080.33,3965.37,3977.37
2007-02-28,3971.92,3996.66,3965.33,3991.46
2007-03-01,3972.43,3975.25,3970.28,3973.06
2007-03-02,3948.27,4003.32,3925.38,3994.35
2007-03-05,3997.93,4030.23,3960.27,4019.2
2007-03-06,4021.58,4046.09,3941.23,3947.42
2007-03-07,3956.01,3993.51,3953.11,3984.4
2007-03-08,3975.63,3979.77,3973.16,3979.19
2007-03-09,4000.18,4017.93,3909.01,3923.69
2007-03-12,3925.88,3941.93,3909.84,3923.77
2007-03-13,3913.05,3944.7,3897.76,3932.72
2007-03-14,3944.75,3995.36,3923.47,3973.43
2007-03-15,3981.58,4005.54,3964.78,3985.33
2007-03-16,3972.8,3992.91,3970.19,3990.34
2007-03-19,3983.99,4061.15,3980.48,4018.92
2007-03-20,4008.39,4085.23,3998.09,4072.27
2007-03-21,4055.92,4131.5,4045.07,4093.17
2007-03-22,4084.55,4120.32,4056.5,4069.72
2007-03-23,4056.35,4075.78,3995.11,4028.79
2007-03-26,4016.14,4193.03,4016.12,4185.8
2007-03-27,4181.28,4195.72,4166.77,4178.29
2007-03-28,4188.23,4231.12,4164.77,4195.42
2007-03-29,4205.82,4281.82,4175.17,4272.49
2007-03-30,4258.45,4284.38,4239.29,4261.54
2007-04-02,4246.91,4300.38,4244.65,4270.93
2007-04-03,4282.91,4337.28,4228.06,4264.8
2007-04-04,4266,4302.31,4243.36,4296.72
2007-04-05,4302.37,4313.14,4221.86,4230.17
2007-04-06,4179.31,4270.93,4175.13,4259.31
2007-04-09,4278.4,4288.07,4248.76,4269.98
2007-04-10,4263.76,4379.39,4225.04,4338.94
2007-04-11,4333.04,4470.15,4300.86,4451.66
2007-04-12,4439.99,4506.17,4428.08,4504.18
2007-04-13,4486.77,4492.14,4457.36,4481.4
2007-04-16,4486.33,4554.08,4468.31,4528.71
2007-04-17,4531.58,4596.45,4496.57,4577.32
2007-04-18,4614.84,4636.41,4579.95,4582.56
2007-04-19,4618.78,4621.88,4491.49,4511.04
2007-04-20,4490.96,4502.17,4481.51,4499.77
2007-04-23,4504.68,4628.59,4470.46,4618.3
2007-04-24,4633.05,4677.64,4568.06,4599.55
2007-04-25,4635.37,4638.39,4578.89,4586.17
2007-04-26,4586.94,4596.07,4523.77,4532.52
2007-04-27,4539.01,4546.84,4441.17,4470.28
2007-04-30,4482.98,4483.66,4398.48,4410.54
2007-05-01,4409.25,4429.24,4306.25,4319.09
2007-05-02,4322.35,4339.37,4255.69,4259.37
2007-05-03,4278.41,4350.33,4275.38,4348.6
2007-05-04,4344.09,4449.13,4324.85,4431.24
2007-05-07,4473.57,4486.28,4425.8,4477.44
2007-05-08,4454.7,4537.31,4452.14,4536.43
2007-05-09,4535.45,4666.75,4485.97,4634.5
2007-05-10,4624.89,4669.42,4611.61,4647.28
2007-05-11,4652.4,4705.75,4605.71,4669.04
2007-05-14,4679.22,4698.31,4638.33,4653.66
2007-05-15,4641.88,4696.35,4636.47,4676.73
2007-05-16,4713.91,4737.79,4662.87,4688.15
2007-05-17,4670.11,4766.2,4641.41,4731.05
2007-05-18,4695.83,4847.63,4675.68,4814.73
2007-05-21,4795.41,4822.05,4792.88,4805.79
2007-05-22,4802.74,4873,4749.17,4861.83
2007-05-23,4865.99,4958.29,4818.42,4943.86
2007-05-24,4901.75,4959.35,4898.96,4941.55
2007-05-25,4965.76,5019.34,4833.45,4860.37
2007-05-28,4857.2,4902.35,4820.09,4834.91
2007-05-29,4805.59,4910.51,4770.48,4907.78
2007-05-30,4903.49,4921.73,4868.19,4906.66
2007-05-31,4872.57,4897.38,4726.87,4753.24
2007-06-01,4721.2,4743.12,4690.89,4729.23
2007-06-04,4729.2,4762.48,4724.26,4759.9
2007-06-05,4754.85,4798.54,4747.66,4794.02
2007-06-06,4834.13,4864.62,4798.29,4836.87
2007-06-07,4840.58,4845.82,4763.8,4763.94
2007-06-08,4775.29,4859.71,4758.56,4819.04
2007-06-11,4819.79,4845.86,4774.73,4824.67
2007-06-12,4835.38,4856.7,4821.1,4854
2007-06-13,4841.77,4904.5,4800.14,4887.86
2007-06-14,4893.3,4974.93,4860.42,4959.02
2007-06-15,4942.81,4949.16,4816.67,4870.18
2007-06-18,4860.85,4998.54,4841.16,4972.65
2007-06-19,4953.2,4961.88,4909.9,4937.3
2007-06-20,4924.51,4997.22,4890.86,4992.16
2007-06-21,4993.37,5029.26,4842.65,4860.27
2007-06-22,4842.52,4858.18,4781.83,4802.5
2007-06-25,4865.32,4870.42,4824.7,4834.36
2007-06-26,4860.48,4886.77,4769.88,4790.11
2007-06-27,4788.04,4868.45,4772.61,4854.27
2007-06-28,4825.3,4976.11,4816.21,4950.42
2007-06-29,4939.9,4964.06,4873.06,4879.66
2007-07-02,4907.32,4927.3,4811.48,4823.83
2007-07-03,4802.74,4838.93,4789.38,4790.35
2007-07-04,4770.13,4772.4,4718.6,4746.14
2007-07-05,4733.18,4802.86,4723.76,4764.47
2007-07-06,4771.21,4902.34,4766.38,4890.5
2007-07-09,4893.33,4899.87,4801.07,4828.42
2007-07-10,4827.14,4828.29,4776.75,4797.99
2007-07-11,4794.65,4797.23,4783.26,4793.44
2007-07-12,4793.83,4836.55,4735.42,4756.31
2007-07-13,4747.15,4882.48,4718.16,4869.11
2007-07-16,4895.52,4912.5,4741.97,4755.87
2007-07-17,4757.13,4874.3,4735.49,4869.16
2007-07-18,4890.37,4893.67,4861.04,4884.82
2007-07-19,4875.56,5130.61,4873.53,5086.5
2007-07-20,5148.77,5171.71,5104.14,5110.44
2007-07-23,5132.85,5137.01,5013.15,5042.26
2007-07-24,5033.21,5113.78,5019.93,5089.44
2007-07-25,5100.38,5146.39,5071.95,5131.96
2007-07-26,5152.82,5183.41,5026.99,5060.68
2007-07-27,5044.45,5047.38,5009.8,5044.03
2007-07-30,5056.19,5087.18,4857,4859.23
2007-07-31,4819.13,4889.82,4783.52,4877.83
2007-08-01,4859.9,4954.94,4843.19,4937.15
2007-08-02,4942.79,5025.22,4927.55,5016.28
2007-08-03,4992.69,5020.69,4983.71,4998.48
2007-08-06,4990.09,5172.35,4984.7,5166.13
2007-08-07,5159.68,5190.71,5085.97,5101.01
2007-08-08,5125.49,5138.61,5025.72,5090.66
2007-08-09,5085.64,5139.5,5053.16,5093.15
2007-08-10,5099.39,5108.83,4999.58,5019.8
2007-08-13,5004.07,5022.13,4879.12,4916.11
2007-08-14,4923.32,4924.97,4891.19,4904.77
2007-08-15,4901.3,4999.9,4876.04,4959.05
2007-08-16,5002.76,5196.29,4999.03,5155.24
2007-08-17,5173.74,5183.5,5129.24,5151.95
2007-08-20,5165.01,5235.22,5130.6,5234.92
2007-08-21,5265.71,5292.96,5234.53,5245.44
2007-08-22,5242.28,5373.71,5242.11,5310.24
2007-08-23,5350.01,5387.34,5337.39,5359.16
2007-08-24,5342.92,5368.5,5320.81,5357.42
2007-08-27,5373.19,5426.44,5349.28,5357.59
2007-08-28,5334.72,5404.5,5289.85,5385.86
2007-08-29,5426.75,5431.66,5365.55,5369.16
2007-08-30,5355.88,5404.2,5324.13,5376.74
2007-08-31,5393.71,5399.01,5369.89,5373.92
2007-09-03,5359.12,5426.44,5356.68,5420.8
2007-09-04,5410.5,5536.53,5407.75,5513.06
2007-09-05,5530.5,5597.93,5500.09,5588.05
2007-09-06,5564.57,5568.75,5521.84,5522.8
2007-09-07,5486.95,5562.19,5459.94,5537.24
2007-09-10,5518.17,5519.32,5439.83,5501.86
2007-09-11,5524.88,5569.22,5520.08,5541.07
2007-09-12,5554.26,5554.45,5525.74,5528.02
2007-09-13,5557.76,5589.51,5303.24,5312.02
2007-09-14,5353.56,5394.39,5348.05,5371
2007-09-17,5400.61,5406.21,5290.97,5307.08
2007-09-18,5321.64,5435.17,5296.91,5364.94
2007-09-19,5382.84,5410.3,5330.99,5348.55
2007-09-20,5379.27,5413.86,5298.37,5398.16
2007-09-21,5354.59,5466.45,5330.88,5464.9
2007-09-24,5466.82,5596.71,5391.65,5581.53
2007-09-25,5549.87,5580.09,5502.56,5551.26
2007-09-26,5506.65,5538.61,5497.15,5537.21
2007-09-27,5530.57,5668.29,5519.5,5654.9
2007-09-28,5643.66,5657.43,5494.92,5500.71
2007-10-01,5491.23,5495.66,5471.71,5480.1
2007-10-02,5448.27,5461.21,5377.81,5407.31
2007-10-03,5397.95,5410.61,5397.7,5398.74
2007-10-04,5422.17,5467.57,5404.98,5451.19
2007-10-05,5436.14,5540.08,5434.87,5486.31
2007-10-08,5489.51,5582.05,5457.05,5556.57
2007-10-09,5553.14,5562.48,5525.13,5560.01
2007-10-10,5554.04,5742.77,5493.82,5695.16
2007-10-11,5689.24,5713.45,5632.7,5635.5
2007-10-12,5643.68,5667.56,5468.96,5493.64
2007-10-15,5483.94,5505.18,5395.89,5418.16
2007-10-16,5424.15,5438.87,5318.3,5363.11
2007-10-17,5402.52,5404.7,5361.79,5365.81
2007-10-18,5330.53,5473.37,5321.07,5448
2007-10-19,5439.43,5457.6,5405.96,5428.02
2007-10-22,5420.52,5445.16,5355.01,5368.32
2007-10-23,5359.59,5478.14,5346.79,5451.29
2007-10-24,5445.71,5454.23,5423.47,5433.36
2007-10-25,5437.95,5466.87,5384.2,5406.44
2007-10-26,5382.51,5539.4,5335.87,5499.55
2007-10-29,5496.11,5550.08,5466.21,5544.23
2007-10-30,5591.15,5593.94,5560.46,5565.51
2007-10-31,5561.06,5587.13,5491.32,5504.54
2007-11-01,5509.65,5548.54,5506.56,5520.61
2007-11-02,5504.49,5598.55,5502.97,5561.9
2007-11-05,5530.54,5614.63,5499.8,5586.95
2007-11-06,5580.94,5632.44,5535.17,5617.7
2007-11-07,5644.86,5687.93,5601.25,5650.97
2007-11-08,5652.93,5762.03,5637.2,5744
2007-11-09,5725.41,5831.86,5694.07,5821.84
2007-11-12,5889.32,5923.97,5736.07,5772.67
2007-11-13,5795.27,5872.11,5767.11,5865.34
2007-11-14,5885.3,5933.87,5854.29,5859.15
2007-11-15,5834.57,5869.59,5773.92,5787.31
2007-11-16,5724.72,5859.42,5689.94,5837.6
2007-11-19,5872.12,5930.23,5849.58,5888.06
2007-11-20,5916.14,5927.13,5812.75,5845.63
2007-11-21,5846.11,6023.5,5843.76,5972.67
2007-11-22,5995.11,6065.41,5987.44,6047.9
2007-11-23,6049.09,6096.56,6035.43,6052.93
2007-11-26,6051.7,6102.86,5941.01,5989.29
2007-11-27,5973.64,6068.77,5939.18,6056.02
2007-11-28,6056.13,6157.11,6014.74,6118.65
2007-11-29,6127.13,6128.24,6053.14,6097.79
2007-11-30,6121.32,6128.9,6102.65,6127.3
2007-12-03,6106.36,6118.99,6039.4,6055.11
2007-12-04,6087.67,6095.47,6080.77,6091.65
2007-12-05,6074.92,6146.95,6067.96,6122.11
2007-12-06,6113.23,6123.37,6087.95,6093.22
2007-12-07,6095.02,6149.47,6046.34,6128.33
2007-12-10,6146.45,6163.04,5974.32,5988
2007-12-11,6002.08,6015.96,5822.11,5869.44
2007-12-12,5851.22,5871.19,5766.64,5782.65
2007-12-13,5786.61,5881.15,5757.76,5856.53
2007-12-14,5886.53,5928.19,5868.7,5879.41
2007-12-17,5877.84,5937.54,5862.2,5883.71
2007-12-18,5877.46,5895.51,5851.58,5864.03
2007-12-19,5922.72,6050.69,5889.98,6038.7
2007-12-20,5978.89,6186.38,5963.75,6157.06
2007-12-21,6186.1,6195.71,6010.8,6060.41
2007-12-24,6078.79,6108.4,6017.14,6105.45
2007-12-25,6108.7,6134.09,6076.37,6085.43
2007-12-26,6061.23,6242.87,6048.39,6176.86
2007-12-27,6196.24,6244.79,6025.51,6079.78
2007-12-28,6119.37,6162.62,6036.58,6045.11
2007-12-31,6068.36,6138.64,6067.63,6084.64
2008-01-01,6069.82,6085.06,6039.32,6055.14
2008-01-02,6048.41,6263.57,6039.16,6220.78
2008-01-03,6218.74,6250.44,5904.4,5919.93
2008-01-04,5946.78,5956.06,5772.05,5786.3
2008-01-07,5807.28,5844.32,5755.36,5794.68
2008-01-08,5784.02,5808.34,5700.32,5747.51
2008-01-09,5734.08,5927.9,5713.96,5902.89
2008-01-10,5897.62,6094.76,5886.84,6068.85
2008-01-11,6065.11,6189.62,6055.71,6166.69
2008-01-14,6154.2,6347.28,6116.43,6337.19
2008-01-15,6346.44,6427.71,6330.74,6403.91
2008-01-16,6433.03,6506.36,6420.55,6460.28
2008-01-17,6484.37,6503.27,6477.07,6488.33
2008-01-18,6507.45,6585.97,6443.65,6533.04
2008-01-21,6526.53,6550.63,6444.43,6460.88
2008-01-22,6473.31,6645.67,6455.5,6621.59
2008-01-23,6631.36,6638.9,6436.13,6456.81
2008-01-24,6460.96,6494.76,6367.41,6381.77
2008-01-25,6404.24,6407.9,6250.05,6265.59
2008-01-28,6217.33,6239.24,6090.85,6110.89
2008-01-29,6097.84,6169.19,6065.42,6140.85
2008-01-30,6178.59,6479.34,6170.38,6472.35
2008-01-31,6500.01,6539.25,6490.51,6504.12
2008-02-01,6510.52,6555.41,6355.98,6398.71
2008-02-04,6413.51,6442.18,6258.11,6284.01
2008-02-05,6318.18,6510.05,6302.97,6462.97
2008-02-06,6467.61,6549.78,6330.91,6337.23
2008-02-07,6338.68,6387.37,6266.28,6268.21
2008-02-08,6262.58,6282.78,6182.52,6189.88
2008-02-11,6159.65,6177.92,5899.11,5903.24
2008-02-12,5877.67,5914.15,5699.15,5731.5
2008-02-13,5761.49,5988.9,5735.46,5978.84
2008-02-14,5986.19,5995.83,5827.31,5850.93
2008-02-15,5843.3,6067.49,5834.17,6017.46
2008-02-18,6005.91,6125.78,5974.73,6113.27
2008-02-19,6077.02,6295.82,6061.07,6294.2
2008-02-20,6297.73,6410.97,6207.43,6391.66
2008-02-21,6381.55,6418.84,6204.22,6210.12
2008-02-22,6188.87,6317.63,6181.33,6304.32
2008-02-25,6295.25,6316.68,6007.68,6122.09
2008-02-26,6166.72,6202.15,5919.78,5945.04
2008-02-27,5925.08,5952.85,5896.45,5943.88
2008-02-28,5983.37,6004.69,5818.74,5843.03
2008-02-29,5828.49,5858.67,5510.34,5514.57
2008-03-03,5526.41,5571.33,5292.38,5296.83
2008-03-04,5278.74,5283.39,5190.63,5223.59
2008-03-05,5238.4,5257.27,5177.9,5181.31
2008-03-06,5193.14,5365.65,5183.95,5344.48
2008-03-07,5357.61,5391.42,5143.92,5162.95
2008-03-10,5135.26,5143.25,5101.53,5112.87
2008-03-11,5107.72,5111,5019.03,5019.21
2008-03-12,5022.89,5030.96,4925.12,4941.34
2008-03-13,4910.39,5098.63,4891.92,5067.98
2008-03-14,5053.21,5149.3,5014.61,5127.94
2008-03-17,5108.28,5376.6,5096.69,5369.7
2008-03-18,5368.83,5377.59,5309.91,5355.02
2008-03-19,5364.95,5372.03,5317.77,5323.53
2008-03-20,5333.23,5405.53,5249.12,5257.94
2008-03-21,5287.62,5290.79,5103.13,5103.65
2008-03-24,5112.41,5216.64,5066.92,5198.25
2008-03-25,5174.15,5321.43,5151.75,5281.67
2008-03-26,5287.36,5452.59,5280.26,5443.13
2008-03-27,5453.17,5458.81,5412.66,5456.55
2008-03-28,5446.69,5767.62,5441.39,5766.17
2008-03-31,5771.87,5773.66,5658.35,5692.34
2008-04-01,5690.13,5711.37,5454.48,5459.81
2008-04-02,5461.54,5524.74,5452.69,5518.92
2008-04-03,5493.45,5520.27,5464.75,5465.02
2008-04-04,5448.92,5449.86,5293.95,5297.05
2008-04-07,5309.6,5315.9,5307.8,5313.99
2008-04-08,5313.12,5476.92,5289.95,5464.33
2008-04-09,5475.88,5583.27,5461.24,5571.95
2008-04-10,5569.14,5970.71,5559.87,5964.08
2008-04-11,5930.83,5946.04,5852.22,5906.27
2008-04-14,5952.81,6002.56,5697.96,5768.46
2008-04-15,5780.33,5795.41,5735.89,5791.11
2008-04-16,5775.04,5799.65,5551.18,5574.15
2008-04-17,5591.74,5592.2,5505.31,5531.28
2008-04-18,5524.52,5542.56,5432.19,5447.81
2008-04-21,5428.48,5558.89,5410.68,5556.71
2008-04-22,5542.63,5680.17,5520.19,5650.91
2008-04-23,5633.29,5775.39,5601.35,5738.08
2008-04-24,5748.92,5784.86,5707.57,5722.52
2008-04-25,5725.26,5755.16,5491.35,5512.81
2008-04-28,5527.99,5543.4,5308.01,5320.47
2008-04-29,5296.37,5438.25,5296.08,5407.84
2008-04-30,5411.72,5473.36,5401.61,5427.88
2008-05-01,5444.03,5708.57,5415.34,5708.25
2008-05-02,5682.81,5710.51,5680.31,5693.91
2008-05-05,5746.66,5758.8,5654.93,5676.33
2008-05-06,5644.22,5680.46,5570.26,5593.23
2008-05-07,5649.53,5693.1,5558.54,5613.29
2008-05-08,5603.48,5623.68,5568.16,5570.41
2008-05-09,5559.21,5676.86,5501.23,5670.55
2008-05-12,5705.67,5733.69,5700.99,5704.46
2008-05-13,5685.6,5742.73,5418.44,5432.33
2008-05-14,5417.66,5451.29,5182.67,5202.25
2008-05-15,5189.22,5235.56,5181.98,5223.81
2008-05-16,5230.19,5269.72,5061.6,5078.63
2008-05-19,5100.45,5102.23,5065.03,5089.47
2008-05-20,5074.82,5090.62,4950.92,4976.01
2008-05-21,4992.62,5033.29,4728.29,4769.8
2008-05-22,4768.69,4959.47,4746.2,4942.69
2008-05-23,4949.54,4961.88,4849.34,4870.18
2008-05-26,4891.29,4912.96,4856.61,4881.59
2008-05-27,4845.29,4854.97,4755.98,4777.62
2008-05-28,4785.1,4803.06,4606.42,4650.54
2008-05-29,4653.05,4672.21,4420.04,4431.72
2008-05-30,4457.95,4473.93,4360.41,4407.17
2008-06-02,4409.88,4413.44,4261.6,4274.8
2008-06-03,4286.84,4310.03,4206.75,4213.45
2008-06-04,4185.41,4306.79,4164.34,4292.35
2008-06-05,4284.75,4413.19,4227.48,4401.68
2008-06-06,4396.57,4471.23,4375.09,4416.22
2008-06-09,4409.15,4417.44,4396.96,4399.99
2008-06-10,4423.56,4464.6,4380.21,4397.97
2008-06-11,4393.02,4430.25,4229.14,4229.93
2008-06-12,4216.45,4238.6,4202.78,4205.14
2008-06-13,4222.63,4556.1,4205.12,4533.91
2008-06-16,4522.85,4596.11,4519.7,4586.85
2008-06-17,4594.26,4605.51,4463.61,4471.26
2008-06-18,4489.25,4495.09,4377.09,4431.64
2008-06-19,4440.15,4458.87,4399.78,4407.64
2008-06-20,4396.18,4396.34,4228.04,4244.81
2008-06-23,4239.85,4256.48,4031.34,4045.52
2008-06-24,4046.05,4146.33,3990.73,4129.66
2008-06-25,4128.66,4200.94,4116.6,4189.21
2008-06-26,4184.71,4186.31,4148.14,4161.2
2008-06-27,4148.02,4385.82,4107.39,4360.74
2008-06-30,4341.95,4392.3,4323.04,4336.18
2008-07-01,4306.7,4349.88,4282.04,4347.87
2008-07-02,4345.85,4582.43,4345.12,4555.27
2008-07-03,4540.77,4561.52,4302.12,4313.3
2008-07-04,4303.22,4323.65,4106.33,4113.07
2008-07-07,4139.62,4145.55,3911.21,3944.14
2008-07-08,3938.38,3940.65,3915,3916.19
2008-07-09,3921.06,4008.86,3909.9,3980.68
2008-07-10,3988.35,3993.79,3865.35,3868.34
2008-07-11,3892.33,3911.51,3708.13,3732.7
2008-07-14,3719.15,3719.57,3620.44,3625.34
2008-07-15,3643.97,3721.8,3639.94,3701.8
2008-07-16,3731.05,3749.58,3709.06,3735.81
2008-07-17,3722.06,3801.69,3699.33,3799.77
2008-07-18,3779.87,3794.93,3696.97,3707.16
2008-07-21,3692.22,3712.91,3555.55,3581.88
2008-07-22,3573.09,3711.08,3568.72,3692.89
2008-07-23,3699.39,3879.96,3679.2,3860.2
2008-07-24,3857.4,3942.93,3850.23,3919.17
2008-07-25,3906.68,3909.92,3794.67,3797.93
2008-07-28,3803.15,3842.75,3645.82,3649.59
2008-07-29,3648.32,3895.85,3628.99,3880.48
2008-07-30,3865.39,3871.24,3736.87,3747.7
2008-07-31,3752.94,3764.28,3639.35,3650.25
2008-08-01,3654.73,3662.39,3589.33,3603.59
2008-08-04,3600.75,3616.54,3507.41,3517.7
2008-08-05,3525.5,3547.03,3501.52,3502.29
2008-08-06,3484.18,3662.95,3452.8,3653.49
2008-08-07,3667.3,3680.42,3602.82,3625.17
2008-08-08,3629.75,3636.31,3461.67,3480.45
2008-08-11,3476.05,3486.56,3465.97,3468.94
2008-08-12,3462.59,3626.98,3450.62,3613.81
2008-08-13,3606.52,3666.78,3604.99,3659.12
2008-08-14,3642.22,3666.85,3621.7,3647.7
2008-08-15,3654.21,3661.88,3376.02,3434.11
2008-08-18,3417.56,3431.02,3331.24,3358.66
2008-08-19,3336.59,3351.33,3333.05,3338.6
2008-08-20,3364.92,3379.7,3223.38,3256.66
2008-08-21,3241.46,3316.99,3236.31,3293.89
2008-08-22,3302,3325.59,3266.34,3292.73
2008-08-25,3308.2,3312.16,3288.63,3290.87
2008-08-26,3270.84,3372.79,3248.51,3356.75
2008-08-27,3335.96,3378.68,3331.64,3343.52
2008-08-28,3342.8,3367.46,3333.07,3355
2008-08-29,3342.45,3496.58,3314.19,3476.76
2008-09-01,3491.79,3509.98,3238.93,3278.07
2008-09-02,3289.96,3309.22,3171.8,3180.67
2008-09-03,3172.6,3207.91,3157.92,3183.58
2008-09-04,3182.87,3215.45,3176.82,3181.42
2008-09-05,3208.81,3268.66,3184.74,3253.61
2008-09-08,3242.31,3251.39,3126.79,3131.46
2008-09-09,3110.83,3146.57,3064.59,3088.59
2008-09-10,3082.72,3095.36,2883.7,2889.34
2008-09-11,2869.61,2888.59,2822.22,2827.97
2008-09-12,2817.88,2852.48,2783.85,2794.29
2008-09-15,2794,2884.13,2792.89,2871
2008-09-16,2877.44,2925.33,2865.8,2921.05
2008-09-17,2913.33,2949.83,2906.56,2933.65
2008-09-18,2954.45,3024.39,2951,2985.14
2008-09-19,2984.17,2989.32,2935.66,2936.97
2008-09-22,2908.9,3012.42,2897.33,3004.44
2008-09-23,3001.24,3036.33,2969.77,3011.81
2008-09-24,3024.62,3046.81,2898.06,2906.19
2008-09-25,2899.2,3011.14,2883.29,2997.91
2008-09-26,2997.42,3099.16,2982.82,3098.86
2008-09-29,3121.25,3131.89,3052.94,3058.62
2008-09-30,3069.67,3082.71,2977.29,2977.81
2008-10-01,2980.15,3009.12,2908.69,2909.37
2008-10-02,2902.88,2978.82,2884.5,2957.88
2008-10-03,2943.79,2953.23,2917.12,2935.97
2008-10-06,2937.18,2957.11,2873.18,2893.42
2008-10-07,2890.83,2943.68,2886.6,2931.57
2008-10-08,2934.99,3038.01,2920.49,3023.71
2008-10-09,3016.54,3038.94,2994.75,3007.21
2008-10-10,2995.68,3121.92,2993.83,3114.36
2008-10-13,3126.25,3203.43,3089.44,3186.25
2008-10-14,3183.96,3194.1,3163.83,3168.04
2008-10-15,3170.58,3178.22,3124.61,3147.11
2008-10-16,3127.21,3136.15,3095.57,3110.04
2008-10-17,3110.74,3121.9,3045.37,3056.41
2008-10-20,3032.45,3128.99,3023.54,3125.03
2008-10-21,3104.59,3111.73,2964.04,2973.74
2008-10-22,2963.61,3080.53,2942.65,3075.52
2008-10-23,3071.28,3127.22,3063.07,3118.88
2008-10-24,3107.32,3128.85,3103.15,3120.12
2008-10-27,3119.97,3217.82,3118.5,3203.61
2008-10-28,3223.42,3237.04,3122.23,3133.53
2008-10-29,3143.29,3191.51,3128.41,3170.84
2008-10-30,3189.79,3191.34,3120.71,3130.86
2008-10-31,3122.31,3140.72,3023.81,3035.77
2008-11-03,3027.75,3030.51,2919.72,2936.28
2008-11-04,2938.03,2960.79,2858.64,2866.74
2008-11-05,2867.53,2880,2796.96,2813.25
2008-11-06,2829.3,2839.25,2771.92,2778.98
2008-11-07,2767.31,2767.94,2652.85,2664.27
2008-11-10,2659.36,2730.43,2657.74,2714.23
2008-11-11,2711.16,2725.33,2710.92,2721.06
2008-11-12,2714.1,2801.62,2673.7,2787.31
2008-11-13,2786.52,2815.03,2765.52,2787.98
2008-11-14,2801.8,2814.65,2776.83,2787.74
2008-11-17,2778.67,2802.93,2765.29,2797.58
2008-11-18,2798.4,2799.85,2760.83,2767.52
2008-11-19,2757.87,2825.53,2756.78,2821.83
2008-11-20,2825.86,2893.35,2815.32,2876.65
2008-11-21,2874.52,2908.64,2855.13,2897.07
2008-11-24,2898.44,2915.62,2859.84,2878.46
2008-11-25,2868.23,2885.37,2823.1,2827.79
2008-11-26,2839.15,2846.06,2709.51,2727.87
2008-11-27,2725.01,2744.84,2717.27,2731.09
2008-11-28,2737,2835.13,2721.78,2834.67
2008-12-01,2849.9,2863.14,2831.14,2839.59
2008-12-02,2832.7,2927.24,2811,2926.07
2008-12-03,2920.71,2930.95,2854.74,2854.82
2008-12-04,2838.92,2841.91,2811.32,2840.93
2008-12-05,2825.29,2941.04,2818.87,2915.62
2008-12-08,2924.25,2995.58,2923.47,2987.04
2008-12-09,2983.1,2983.74,2941.49,2946.76
2008-12-10,2966.91,3142.33,2959.29,3121.86
2008-12-11,3117.79,3210.04,3112,3165.55
2008-12-12,3160.61,3255.58,3133.76,3255.04
2008-12-15,3233.57,3293.67,3226.01,3280.96
2008-12-16,3271.59,3274.48,3264.57,3268.67
2008-12-17,3247.14,3286.41,3205.01,3209.84
2008-12-18,3209.08,3215.97,3075.28,3088.41
2008-12-19,3072.14,3181.24,3052.67,3173.52
2008-12-22,3179.58,3198.16,3111.9,3120.77
2008-12-23,3118.56,3141.14,3076.27,3094.61
2008-12-24,3119.91,3139.85,3094.04,3103.31
2008-12-25,3098.1,3204.36,3082.03,3199.68
2008-12-26,3202.37,3343.13,3200.82,3303.8
2008-12-29,3290.36,3304.16,3280.66,3290.82
2008-12-30,3270.22,3296.32,3250.01,3277.59
2008-12-31,3258.31,3382.51,3255.72,3360.94
2009-01-01,3351.76,3395.84,3277.9,3311.64
2009-01-02,3314.36,3314.5,3285.7,3294.83
2009-01-05,3282.13,3300.14,3264.72,3288.53
2009-01-06,3302.5,3350.03,3300.98,3350.02
2009-01-07,3355.99,3357.77,3301.25,3322.78
2009-01-08,3322.1,3348.82,3298.59,3333.88
2009-01-09,3348.15,3377.43,3339.6,3365
2009-01-12,3363.52,3368.34,3327.27,3341.94
2009-01-13,3343.46,3382.91,3311.05,3316.85
2009-01-14,3316.48,3325.38,3314.33,3321.97
2009-01-15,3329.98,3382.05,3317.21,3373.7
2009-01-16,3372.15,3392.71,3253.72,3257.49
2009-01-19,3268.33,3330.55,3266.84,3325.52
2009-01-20,3312.33,3383.48,3298.86,3382.06
2009-01-21,3377.85,3386.1,3340.04,3344.13
2009-01-22,3345.07,3443.1,3326.57,3434.34
2009-01-23,3458.08,3468.56,3400.26,3438.67
2009-01-26,3432.7,3433.82,3401.61,3416.11
2009-01-27,3432.78,3479.21,3425.3,3465.61
2009-01-28,3476.02,3494.42,3446.8,3446.87
2009-01-29,3466.69,3469.18,3375.31,3408.35
2009-01-30,3430.23,3432.87,3372.52,3405.53
2009-02-02,3377.37,3395.56,3351.96,3381.73
2009-02-03,3403.92,3404.33,3366.83,3375.82
2009-02-04,3362.58,3412.45,3359.77,3401.89
2009-02-05,3394.43,3404.04,3385.74,3390.56
2009-02-06,3383.07,3403.21,3367.47,3400.22
2009-02-09,3394.67,3433.14,3391.6,3432.96
2009-02-10,3425.44,3499.35,3408.97,3495.81
2009-02-11,3490.63,3555.44,3466.94,3548.06
2009-02-12,3536.02,3572.66,3529,3569.89
2009-02-13,3568.38,3620.72,3555.96,3599.66
2009-02-16,3613.22,3630.05,3535.16,3562.83
2009-02-17,3566.77,3572.27,3500.78,3505.53
2009-02-18,3503.13,3515.42,3424.46,3426.51
2009-02-19,3430.76,3438.5,3382.02,3390.88
2009-02-20,3417.4,3436.35,3336.97,3354.48
2009-02-23,3359.85,3431.88,3338.65,3415.03
2009-02-24,3406.79,3455.16,3406.61,3416.44
2009-02-25,3395.94,3424.57,3357.08,3364.43
2009-02-26,3354.86,3405.72,3333.48,3398.26
2009-02-27,3395.3,3423.86,3381.82,3423.77
2009-03-02,3453.03,3468.03,3390.68,3394.07
2009-03-03,3407.12,3428.44,3349.65,3353.85
2009-03-04,3362.44,3405.64,3355.65,3392.57
2009-03-05,3401.09,3464.4,3390.03,3451.63
2009-03-06,3443.12,3468.27,3433.04,3458.64
2009-03-09,3469.37,3523.73,3465.16,3513.84
2009-03-10,3521.31,3549.91,3428.61,3454.61
2009-03-11,3444.05,3450.57,3383.13,3387.85
2009-03-12,3388.77,3399.63,3379.24,3399.18
2009-03-13,3414.59,3442.12,3366.11,3381.54
2009-03-16,3378.44,3462.84,3369.54,3451.83
2009-03-17,3447.95,3453.29,3443.35,3450.58
2009-03-18,3464.67,3469.93,3447.41,3454.95
2009-03-19,3444.94,3483.78,3424.87,3474.64
2009-03-20,3480.07,3495.75,3406.47,3425.5
2009-03-23,3413.35,3489.69,3403.9,3488.64
2009-03-24,3470.3,3559.58,3464.52,3555.57
2009-03-25,3555.49,3557.65,3509.64,3533.82
2009-03-26,3522.06,3545.05,3510.12,3537.18
2009-03-27,3511.58,3638.67,3492.02,3601.38
2009-03-30,3599.54,3624.21,3539.34,3572.75
2009-03-31,3579.66,3633.95,3567.18,3614.7
2009-04-01,3618.61,3651.04,3618.22,3643.28
2009-04-02,3652.44,3656.48,3577.7,3589.85
2009-04-03,3568.9,3586.9,3537.45,3550.11
2009-04-06,3543.59,3623.51,3532.7,3609.44
2009-04-07,3587.57,3613.24,3535.31,3610.9
2009-04-08,3619.46,3645.07,3600.9,3629.41
2009-04-09,3632.83,3670.23,3619.17,3645.96
2009-04-10,3647.52,3667.43,3626.69,3647.89
2009-04-13,3672.54,3687.18,3613.74,3639.63
2009-04-14,3614.58,3690.14,3610.05,3690.12
2009-04-15,3678.27,3728.53,3672.25,3727.25
2009-04-16,3724.98,3791.32,3720.88,3752.42
2009-04-17,3776.7,3789.1,3762.79,3774.24
2009-04-20,3778.88,3780.13,3725.88,3761.42
2009-04-21,3771.1,3859.51,3742.56,3839.71
2009-04-22,3833.02,3882.81,3830.14,3863.48
2009-04-23,3804.08,3841.86,3794.96,3836.12
2009-04-24,3848.58,3854.13,3828.41,3835.09
2009-04-27,3825.43,3937.29,3802.44,3930.02
2009-04-28,3937.12,3980.35,3923.94,3966.23
2009-04-29,3938.21,3990.98,3931.61,3985.99
2009-04-30,3989.16,3996.59,3982.43,3982.92
2009-05-01,3978.29,3998.09,3967.16,3989.26
2009-05-04,3985.62,3987.59,3948.71,3960.99
2009-05-05,3981.24,4014.75,3942.3,4005.82
2009-05-06,4010.95,4043.77,3945.1,3983.56
2009-05-07,3976.38,4018.43,3897.9,3925.82
2009-05-08,3922.31,3922.98,3889.94,3900.99
2009-05-11,3913.29,3982.94,3912.06,3948.98
2009-05-12,3962.83,4079.44,3956.19,4062.24
2009-05-13,4050.2,4110.74,4035.89,4108.22
2009-05-14,4071.67,4166.4,4052.28,4149.54
2009-05-15,4153.58,4194.78,4146.43,4168.27
2009-05-18,4188.87,4267.27,4187.91,4234.06
2009-05-19,4230.37,4258.75,4228.79,4257.58
2009-05-20,4251.95,4293.35,4241.95,4275.33
2009-05-21,4276.69,4318.37,4219.94,4245.4
2009-05-22,4236.84,4239.7,4175.55,4185.95
2009-05-25,4205.93,4211.67,4138.92,4180.12
2009-05-26,4188.24,4270.79,4126.32,4143.33
2009-05-27,4144.27,4240.57,4143.93,4229.39
2009-05-28,4204.27,4251.78,4191.14,4228.57
2009-05-29,4169.98,4279.27,4129.88,4260.78
2009-06-01,4251.74,4290.86,4202.82,4216.87
2009-06-02,4223.26,4245.97,4206.46,4243.5
2009-06-03,4240.5,4294.31,4201.13,4290.07
2009-06-04,4291.04,4381.64,4265.09,4350.13
2009-06-05,4320.6,4405.84,4292.3,4386.48
2009-06-08,4387.98,4467.51,4355.43,4438.81
2009-06-09,4431.81,4491.39,4412.79,4457.2
2009-06-10,4449.16,4468.5,4436.04,4451.73
2009-06-11,4465.34,4469.4,4358.55,4370.11
2009-06-12,4348.42,4425.61,4328.97,4388.04
2009-06-15,4381.95,4423.35,4351.81,4416.73
2009-06-16,4444.13,4458.55,4351.43,4363.38
2009-06-17,4364.78,4472.59,4344.15,4449.28
2009-06-18,4482.82,4508.59,4315.27,4326.4
2009-06-19,4313.18,4334.36,4116.63,4140.55
2009-06-22,4131.75,4156.45,4081.59,4083.99
2009-06-23,4061.38,4067.98,3984.22,4003.39
2009-06-24,4027.95,4047.74,3992.02,3996.67
2009-06-25,3979.11,4008.64,3949.68,3972.08
2009-06-26,3977.9,3999.14,3942.54,3945.15
2009-06-29,3902.46,3983.76,3886.19,3967.27
2009-06-30,3951.1,3984.25,3832.22,3835.93
2009-07-01,3844.82,3894.49,3830.21,3855.39
2009-07-02,3843.95,3890.94,3809.8,3858.28
2009-07-03,3862.98,3863.96,3803.54,3836.78
2009-07-06,3837.91,3846.14,3822.66,3843.87
2009-07-07,3851.56,3920.25,3807.87,3889.4
2009-07-08,3883.32,3903.91,3854.38,3884.88
2009-07-09,3912.24,3930.77,3858.4,3861.87
2009-07-10,3857.24,3863.15,3832.98,3842.43
2009-07-13,3837.18,3890.25,3809.25,3854.21
2009-07-14,3835.76,3941.94,3814.02,3928.05
2009-07-15,3920.82,3941.72,3914.8,3918.4
2009-07-16,3915.05,3951.5,3889.37,3943.77
2009-07-17,3952.82,3963.83,3913.33,3940.06
2009-07-20,3911.14,4004.83,3904.56,3987.08
2009-07-21,3997.58,4005.73,3833.78,3845.58
2009-07-22,3850.65,3893.56,3841.3,3882.22
2009-07-23,3877.02,4019.94,3867.77,4005.22
2009-07-24,3986.16,4043.51,3952.46,4041.75
2009-07-27,4009.37,4107.69,4001.92,4065.84
2009-07-28,4097.08,4125.75,4063.33,4085.11
2009-07-29,4100.89,4180.7,4097.99,4180.25
2009-07-30,4207.73,4220.5,4133.32,4143.06
2009-07-31,4108.07,4172.78,4090.55,4150.34
2009-08-03,4163,4194.29,4062.32,4081.24
2009-08-04,4086,4229.23,4078.15,4192.13
2009-08-05,4191.49,4192.84,4180.54,4180.71
2009-08-06,4200.29,4259.97,4180.24,4212
2009-08-07,4175.29,4246.83,4162.04,4229.74
2009-08-10,4222.16,4252.3,4198.01,4250.22
2009-08-11,4220.26,4326.1,4202.14,4318.27
2009-08-12,4333.51,4358.45,4316.59,4357.7
2009-08-13,4349.34,4536.52,4336.82,4524.72
2009-08-14,4539.97,4543.82,4479.46,4495.17
2009-08-17,4512.51,4526.22,4407.8,4451.5
2009-08-18,4464.07,4580.72,4444.18,4550.15
2009-08-19,4577.4,4580.74,4523.94,4537.27
2009-08-20,4552.76,4634.95,4547.91,4626.1
2009-08-21,4598.1,4620.54,4527.95,4537.67
2009-08-24,4541.31,4561.46,4533.15,4533.88
2009-08-25,4559.66,4572.17,4430.62,4432.3
2009-08-26,4417.37,4448.46,4354.77,4400.22
2009-08-27,4401.68,4582.11,4397.95,4545.91
2009-08-28,4550.54,4572.42,4532.2,4553.23
2009-08-31,4571.04,4597.99,4548.73,4586.03
2009-09-01,4578.23,4604.99,4551.8,4588.8
2009-09-02,4569.23,4626.5,4561.67,4595.64
2009-09-03,4590.2,4619.64,4570.06,4616.53
2009-09-04,4614.7,4660.75,4613.78,4657.14
2009-09-07,4638.08,4733.23,4632.12,4726.15
2009-09-08,4727.01,4756.65,4698.53,4705.8
2009-09-09,4649.38,4745.78,4633.42,4738.51
2009-09-10,4745.28,4774.46,4669.16,4687.87
2009-09-11,4645.78,4796.19,4610.77,4764.63
2009-09-14,4751.24,4808.61,4725.21,4732.89
2009-09-15,4738.36,4798.49,4711.34,4761.14
2009-09-16,4777.21,4791.93,4770.66,4778.38
2009-09-17,4775.65,4792.75,4703.88,4722.39
2009-09-18,4747.14,4755.27,4688.67,4696.29
2009-09-21,4722.12,4753.81,4695.26,4721.1
2009-09-22,4728.52,4775.87,4689.68,4734.99
2009-09-23,4710.81,4748.27,4704.52,4721.49
2009-09-24,4707.34,4708.96,4694.81,4699.98
2009-09-25,4674,4689.23,4672.94,4673.9
2009-09-28,4683.87,4840.89,4662.92,4807.11
2009-09-29,4810.62,4819.76,4767.08,4794.01
2009-09-30,4766.04,4792.5,4761.01,4784.23
2009-10-01,4805.5,4861.37,4764.88,4823.03
2009-10-02,4816.8,4880.92,4807.25,4871.55
2009-10-05,4851.31,4855.99,4797.69,4848.32
2009-10-06,4857.44,4873.29,4804.82,4820.91
2009-10-07,4824.34,4863.27,4663.42,4685.07
2009-10-08,4686.82,4708.36,4452.71,4491
2009-10-09,4469.43,4474.84,4390.91,4393.76
2009-10-12,4385.67,4410.19,4297.96,4304.31
2009-10-13,4300.9,4408.54,4281.09,4399.38
2009-10-14,4402.8,4548.87,4379.13,4531.73
2009-10-15,4552.44,4552.5,4509.29,4521.34
2009-10-16,4509.09,4562.41,4503.49,4517.33
2009-10-19,4543.15,4589.15,4490.68,4519.79
2009-10-20,4533.63,4542.69,4487.42,4487.57
2009-10-21,4501.92,4536.86,4423.32,4483.98
2009-10-22,4480.77,4552.48,4465.46,4544.35
2009-10-23,4530.28,4543.08,4478.09,4479.29
2009-10-26,4471.66,4590.76,4434.36,4587.79
2009-10-27,4568.3,4629.76,4557.33,4612.76
2009-10-28,4592.47,4670.18,4581.38,4657.19
2009-10-29,4657.35,4721.68,4613.34,4708.93
2009-10-30,4696.45,4751.91,4681.86,4745
2009-11-02,4756.5,4795.33,4747.47,4792.81
2009-11-03,4794.95,4849.96,4734.18,4740.22
2009-11-04,4721.94,4732.14,4678.82,4697.46
2009-11-05,4707.11,4730.23,4678.3,4692.63
2009-11-06,4670.88,4697.51,4610.46,4640.37
2009-11-09,4649.16,4780.33,4648.68,4754.87
2009-11-10,4794.93,4913.8,4780.09,4872.05
2009-11-11,4867.64,4871.05,4827.69,4843.4
2009-11-12,4835.42,4853.3,4801.19,4841.1
2009-11-13,4822.38,4855.21,4809.95,4810.42
2009-11-16,4842.04,4887.84,4817.72,4869.98
2009-11-17,4882.96,4887.34,4762.25,4781.64
2009-11-18,4770.08,4791.59,4750.02,4779.92
2009-11-19,4770.71,4869.35,4734.71,4852.79
2009-11-20,4855.26,4973.38,4824.59,4960.35
2009-11-23,4934.33,5005.8,4903.72,4961.44
2009-11-24,4957.58,5000.83,4886.02,4947
2009-11-25,4944.51,5040.16,4932.93,5020.23
2009-11-26,5045.19,5092.89,5045.06,5068.02
2009-11-27,5054.97,5083.53,5017.15,5075.59
2009-11-30,5081.25,5129.41,5045.93,5112.7
2009-12-01,5109.3,5122.47,4971.87,4996.68
2009-12-02,5005.13,5015.56,4871.4,4881.13
2009-12-03,4866.84,4954.62,4854.5,4946.17
2009-12-04,4976.89,5013.98,4901.14,4929
2009-12-07,4888.48,4932.47,4881.55,4889.79
2009-12-08,4887.63,4950.5,4838.51,4949.88
2009-12-09,4973.76,4988.5,4905.92,4917.08
2009-12-10,4935.92,4984.27,4924.87,4949.55
2009-12-11,4906.85,4953.41,4714.17,4734.85
2009-12-14,4762.76,4832.89,4744.02,4819.45
2009-12-15,4814.01,4827.66,4806.6,4826.21
2009-12-16,4825.56,4846.53,4732.82,4739
2009-12-17,4744.25,4799.87,4729.71,4795
2009-12-18,4804.41,4812.25,4781.47,4788.36
2009-12-21,4809.43,4878.3,4799.17,4872.43
2009-12-22,4866.26,4875.81,4807.47,4825.19
2009-12-23,4833.42,4846.13,4717.59,4761.07
2009-12-24,4746.8,4816.91,4724.93,4787.34
2009-12-25,4805.63,4853.99,4791.56,4843.45
2009-12-28,4856.13,4890.44,4848.84,4851.98
2009-12-29,4857.36,4901.51,4775.4,4793.59
2009-12-30,4807.83,4830.16,4787.88,4793.1
2009-12-31,4770.64,4858.7,4740.25,4842.09
2010-01-01,4829.07,4843.3,4828.63,4841.79
2010-01-04,4854.99,4881.38,4815.24,4825.42
2010-01-05,4825.17,4879.98,4816.06,4866.11
2010-01-06,4873.82,4967.63,4858.87,4952.75
2010-01-07,4953.21,4978.62,4868.01,4896.69
2010-01-08,4887.82,4965.68,4873.77,4942.37
2010-01-11,4927.13,4969.33,4912.34,4924.73
2010-01-12,4907.87,4928.28,4898.33,4905.53
2010-01-13,4899.73,4922.86,4893.12,4920.31
2010-01-14,4937.74,4978.65,4932.59,4954.1
2010-01-15,4952.36,5008.81,4802.11,4833.34
2010-01-18,4817.26,4917.49,4808.15,4864.23
2010-01-19,4850.53,4927.29,4835.52,4905.5
2010-01-20,4904.7,4943.72,4892.75,4942.74
2010-01-21,4921.61,5021.06,4852.02,5009.89
2010-01-22,5005.97,5052.26,4901.47,4926.54
2010-01-25,4943,4997.62,4860.75,4887.83
2010-01-26,4919.49,4953.37,4891.72,4895.22
2010-01-27,4925.63,4980.48,4922.9,4960.52
2010-01-28,4953.79,5082.46,4945.12,5056.12
2010-01-29,5050.8,5085.53,5027.47,5043.74
2010-02-01,5040.32,5107.4,4970.3,5062.92
2010-02-02,5100.84,5118.55,5024.75,5035.24
2010-02-03,5019.93,5054.55,4986.69,5032.33
2010-02-04,5040.33,5042.26,5034.28,5034.56
2010-02-05,5047.47,5061.52,5028.35,5043.52
2010-02-08,5089.19,5142,5033.09,5054.33
2010-02-09,5070.07,5104.32,5025.51,5087.67
2010-02-10,5086.38,5104.03,4972.01,4980.9
2010-02-11,4994.9,5168.54,4929.03,5157.4
2010-02-12,5134,5245.56,5081.31,5181.68
2010-02-15,5210.74,5213.33,4956.67,4962.5
2010-02-16,4959.57,4982.67,4933.11,4981.37
2010-02-17,4951.48,4994.53,4931.25,4989.49
2010-02-18,4988.28,5015.27,4952.29,4978.06
2010-02-19,4966.89,5028.18,4960.95,4993.12
2010-02-22,4952.85,4986.47,4888.21,4936.16
2010-02-23,4959.23,5000.54,4922.91,4950.95
2010-02-24,4952.24,5028.44,4946.87,4977.75
2010-02-25,4939.54,4993.27,4933.63,4961.09
2010-02-26,4947.75,4965.67,4795.45,4822.69
2010-03-01,4823.11,4880.48,4795.67,4854.77
2010-03-02,4845.75,4998.16,4807.68,4981.37
2010-03-03,5012.5,5018.15,4818.45,4875.46
2010-03-04,4870.37,4874.39,4759.82,4840.58
2010-03-05,4841,4851.79,4802.97,4848.15
2010-03-08,4860.25,4883.45,4844.88,4856.75
2010-03-09,4800.36,4893.07,4785.14,4872.53
2010-03-10,4869.44,4957.58,4850.28,4947.68
2010-03-11,4960.86,4981,4912.34,4964.75
2010-03-12,4971.73,5012.59,4905.14,4988.78
2010-03-15,4967.08,4968.53,4894.67,4903.66
2010-03-16,4884.55,4952.51,4862.96,4912.48
2010-03-17,4887.05,5018.07,4867.53,5015.45
2010-03-18,4994.79,5016.14,4957.29,5009.37
2010-03-19,5031.28,5045.51,5027.42,5044.72
2010-03-22,5051.61,5104.18,5015.17,5075.01
2010-03-23,5090.32,5095.4,5019.68,5062.87
2010-03-24,5031.63,5123.28,5002.19,5096
2010-03-25,5101.87,5204.14,5094.81,5188.31
2010-03-26,5213.08,5244.75,5212.53,5240.87
2010-03-29,5294.05,5298.81,5097.47,5108.77
2010-03-30,5106.11,5142.95,5102.84,5114.29
2010-03-31,5130.48,5139.09,5046.65,5106.71
2010-04-01,5072.14,5109.73,5065.05,5076.26
2010-04-02,5057.4,5133.03,5037.15,5125.8
2010-04-05,5139.32,5144.85,4875.65,4927.25
2010-04-06,4940.68,4995.16,4907.41,4978.01
2010-04-07,4970.44,5068.62,4935.85,5031.81
2010-04-08,5087.83,5106.7,4946.97,5002.81
2010-04-09,4977.82,5034.21,4943.75,5026.03
2010-04-12,5038.83,5061.89,5006.62,5018.58
2010-04-13,5016.27,5049.41,4994.41,5032.08
2010-04-14,5017.78,5102.57,4999.29,5092.7
2010-04-15,5076.61,5140.05,5076.19,5124.6
2010-04-16,5110.05,5177.16,5101.53,5141.92
2010-04-19,5129.9,5175.95,5112.41,5175.05
2010-04-20,5185.37,5186.36,5099.21,5131.43
2010-04-21,5100.1,5224.99,5058.84,5209.54
2010-04-22,5196.28,5258.79,5179.41,5208.09
2010-04-23,5220.59,5239.3,5175.97,5209.49
2010-04-26,5196.49,5302.76,5191.92,5265.2
2010-04-27,5261.93,5354.68,5253.74,5332.21
2010-04-28,5330.97,5362.66,5259.71,5279.91
2010-04-29,5280.57,5290.1,5238.1,5267.08
2010-04-30,5224.47,5344.47,5218.51,5336.98
2010-05-03,5328.69,5410.3,5309.02,5370.81
2010-05-04,5387.92,5396.83,5114.56,5153.63
2010-05-05,5160.32,5192.14,5153.07,5180.85
2010-05-06,5181.54,5416.61,5159.37,5399.49
2010-05-07,5384.95,5394.12,5344.89,5360.84
2010-05-10,5374.75,5414.18,5345.05,5373.85
2010-05-11,5367.07,5448.3,5323.58,5446.1
2010-05-12,5459.21,5464.06,5363.94,5409.87
2010-05-13,5413.87,5540.38,5412.71,5489.39
2010-05-14,5493.87,5498.02,5433.64,5468.48
2010-05-17,5499.22,5520.52,5481.04,5483.38
2010-05-18,5492.96,5499.74,5435.09,5453.9
2010-05-19,5457,5528.12,5434.8,5494.67
2010-05-20,5474.68,5627.32,5417.23,5601.98
2010-05-21,5589.23,5647.02,5583.72,5598.7
2010-05-24,5602.55,5617.94,5526.75,5552.97
2010-05-25,5568.79,5599.93,5529.95,5579.83
2010-05-26,5564.18,5650.62,5545.96,5648.66
2010-05-27,5665.75,5682.71,5577.3,5601.27
2010-05-28,5578.14,5757.67,5570.89,5730.91
2010-05-31,5747.36,5784.66,5693.66,5694.76
2010-06-01,5690.78,5695.6,5616.78,5618.8
2010-06-02,5598.8,5627.18,5528.5,5552.02
2010-06-03,5561.68,5645.25,5561.47,5606.24
2010-06-04,5606.14,5617.2,5505.37,5550.08
2010-06-07,5555.18,5575.48,5549.59,5569.03
2010-06-08,5577.4,5603.07,5540.76,5542.53
2010-06-09,5520.32,5658.19,5492.24,5619.67
2010-06-10,5620.3,5620.4,5594.16,5617.72
2010-06-11,5646.94,5718.35,5620.96,5649.83
2010-06-14,5622.27,5745.71,5590.74,5701.26
2010-06-15,5729.13,5737.7,5714.42,5736.24
2010-06-16,5751.01,5787.84,5722.83,5730.31
2010-06-17,5775.59,5794.35,5739,5785.1
2010-06-18,5765.65,5789.07,5661.94,5683.55
2010-06-21,5675.36,5777.94,5656.65,5734.74
2010-06-22,5721.64,5768.05,5648.83,5681.26
2010-06-23,5646.21,5711.44,5571.15,5693.64
2010-06-24,5640.09,5747.22,5601.63,5745.16
2010-06-25,5725.68,5743.68,5701.21,5724.79
2010-06-28,5716.61,5840.99,5706.01,5785.11
2010-06-29,5786.21,5806,5619.77,5709.58
2010-06-30,5711.38,5769.3,5709.25,5752.59
2010-07-01,5752.94,5790.31,5720.98,5763.57
2010-07-02,5727.82,5745.7,5717.58,5743.8
2010-07-05,5737.62,5803.03,5726.23,5775.43
2010-07-06,5749.2,5879.11,5734.99,5830.31
2010-07-07,5810.21,5842.67,5718.07,5763.99
2010-07-08,5767.84,5782.6,5752.54,5757.47
2010-07-09,5736.5,5840.52,5700.29,5830.84
2010-07-12,5836.79,5902.17,5828.47,5864.92
2010-07-13,5850.85,5941.78,5767.45,5787.28
2010-07-14,5731.75,5788.77,5692.53,5788.41
2010-07-15,5802.55,5870.7,5752.61,5847.55
2010-07-16,5866,5913.43,5828.3,5840.8
2010-07-19,5817.2,5884.4,5815.19,5842.25
2010-07-20,5851.95,5856.27,5778.92,5782.83
2010-07-21,5775.73,5826.51,5744.03,5818.65
2010-07-22,5828.54,5977.47,5825.31,5935.16
2010-07-23,5908.96,5953.4,5860.09,5885.5
2010-07-26,5872.44,5882.95,5829.22,5832.49
2010-07-27,5808.74,5901.69,5769.36,5861.37
2010-07-28,5869.8,5983.24,5820.23,5913.67
2010-07-29,5940.46,6114.83,5901.24,6102.33
2010-07-30,6116.11,6137.95,6048.38,6072.61
2010-08-02,6092.18,6134.27,5950.83,5985.26
2010-08-03,5993.55,5997.55,5984.44,5990
2010-08-04,6028,6164.63,6004.14,6123.72
2010-08-05,6128.34,6152.86,6094.4,6094.6
2010-08-06,6122.64,6168.69,6107.95,6119.29
2010-08-09,6091.36,6130.56,6042.77,6043.35
2010-08-10,6020.46,6064.5,6010.2,6054.69
2010-08-11,6011.01,6216.66,5986.83,6170.69
2010-08-12,6167.3,6249.62,6141.1,6245.08
2010-08-13,6204.01,6386.91,6149.53,6346.42
2010-08-16,6306.69,6309.52,6201.98,6208.27
2010-08-17,6200.17,6281.35,6177.93,6237.76
2010-08-18,6224.05,6393.82,6216.02,6327.4
2010-08-19,6340.64,6349.89,6226.5,6266.21
2010-08-20,6286.13,6318.26,6263.27,6264.67
2010-08-23,6294.96,6311.5,6153.77,6223.28
2010-08-24,6190.3,6230.89,6145.41,6225.29
2010-08-25,6215.71,6234.79,6205.18,6210.49
2010-08-26,6233.54,6259.11,6001.94,6005.24
2010-08-27,5999.79,6053.2,5924.67,6046.63
2010-08-30,6044.59,6070.74,5980,5998.09
2010-08-31,5978.22,6069.63,5941.47,6046.74
2010-09-01,6029.95,6046.02,5901.43,5971.52
2010-09-02,5962.13,6020.56,5889.38,5970.74
2010-09-03,5957.06,5961.78,5804.9,5827.66
2010-09-06,5805.43,5808.17,5775.11,5802.83
2010-09-07,5782.23,5830.21,5694.54,5742.53
2010-09-08,5748.92,5805.33,5734.76,5787.31
2010-09-09,5825.73,5830.72,5773.39,5780.46
2010-09-10,5804.79,5892.16,5791.7,5880.51
2010-09-13,5894.63,5939.68,5708.62,5779.99
2010-09-14,5806.89,5880.25,5752.96,5858.68
2010-09-15,5834.8,5872.37,5820.12,5842.94
2010-09-16,5796.65,5897.52,5749.12,5821.79
2010-09-17,5811.61,6057.71,5779.52,6013.71
2010-09-20,6011.87,6069.61,5994.04,6036.45
2010-09-21,6061.74,6084.09,6003.49,6007.5
2010-09-22,6007.55,6047.74,5976.28,5983.44
2010-09-23,5958.78,6025.36,5916.06,5991.32
2010-09-24,6010.64,6033.87,5976.87,6003.22
2010-09-27,5984.44,6068.58,5910.14,6024.07
2010-09-28,6048.29,6190.67,6004.16,6181.64
2010-09-29,6143.8,6179.23,6130.05,6177.56
2010-09-30,6162.06,6173.74,6115.87,6166.32
2010-10-01,6179.02,6351.57,6129.75,6313.76
2010-10-04,6333.69,6363.46,6294.67,6363.15
2010-10-05,6408.76,6430.35,6228.8,6290.72
2010-10-06,6279.47,6424.53,6243.19,6375.48
2010-10-07,6363.14,6485.16,6355.97,6477.65
2010-10-08,6446.35,6529.91,6432.98,6505.39
2010-10-11,6488.66,6516.04,6403.84,6452.52
2010-10-12,6484.21,6611.26,6468.87,6572.92
2010-10-13,6562.11,6597.5,6508.56,6546.73
2010-10-14,6595.73,6607.21,6504.19,6553.31
2010-10-15,6588.41,6605.25,6531.58,6575.98
2010-10-18,6586.47,6612.97,6562.55,6594.84
2010-10-19,6596.12,6681.17,6569.67,6666.68
2010-10-20,6617.27,6636.09,6539.38,6602.95
2010-10-21,6604.66,6630.89,6492.66,6519.63
2010-10-22,6508.52,6525.29,6465.26,6478.44
2010-10-25,6471.64,6476.67,6400.42,6415.86
2010-10-26,6393,6423.28,6259.68,6315.7
2010-10-27,6330.83,6332.41,6184.89,6232.57
2010-10-28,6242.31,6366.71,6238.1,6342.21
2010-10-29,6302.06,6363.98,6261.37,6349.11
2010-11-01,6344.69,6392.11,6297.88,6321.95
2010-11-02,6362.62,6394.29,6261.44,6262.52
2010-11-03,6270.32,6300.64,6177.96,6189.31
2010-11-04,6236.43,6271.16,6127.21,6161.06
2010-11-05,6134.11,6212.72,6103.43,6176.02
2010-11-08,6149.95,6203.17,6124.74,6179.46
2010-11-09,6159.83,6178.87,6044.86,6055.17
2010-11-10,6079.29,6133.74,6006.03,6028.33
2010-11-11,6063.25,6078.01,5904.46,5938.45
2010-11-12,5920.64,6043.41,5891.81,6018.6
2010-11-15,6051.12,6111.69,5928.83,5988.57
2010-11-16,5971.99,6011.19,5893.38,5936.07
2010-11-17,5952.53,6003.83,5902.14,5920.69
2010-11-18,5977.31,6022.14,5897.66,5917.4
2010-11-19,5969.24,6061.26,5954.66,5981.77
2010-11-22,5993.21,6016.17,5927.81,5932.32
2010-11-23,5936.06,5980.44,5906.03,5939.14
2010-11-24,5951.62,5964.52,5914.42,5956.89
2010-11-25,5980.62,6046.37,5959.78,6024.03
2010-11-26,6049.5,6089.68,5853.59,5856.17
2010-11-29,5846.26,5850.27,5787.26,5830.85
2010-11-30,5773.48,5785.03,5757.71,5773.23
2010-12-01,5780.51,5810,5684.82,5687.92
2010-12-02,5715.72,5768.19,5592.47,5593.14
2010-12-03,5615.05,5663.99,5602.57,5627.9
2010-12-06,5631.71,5635.88,5602.35,5629.41
2010-12-07,5648.26,5657.1,5634.06,5637.48
2010-12-08,5667.56,5683.79,5611.47,5614.79
2010-12-09,5615.37,5658.46,5589.48,5643.02
2010-12-10,5630.09,5711.04,5624.94,5706.8
2010-12-13,5696.5,5730.92,5662.79,5678.59
2010-12-14,5695.96,5850.7,5692.3,5823.94
2010-12-15,5818.26,5879.19,5808.58,5867.53
2010-12-16,5886.38,5973.7,5867.38,5961.18
2010-12-17,5963.39,6034.03,5962.56,6003.72
2010-12-20,6000.98,6088.53,5999.54,6057.76
2010-12-21,6106.6,6132.07,6052.45,6056.38
2010-12-22,6072.17,6121.68,5977.51,6046.35
2010-12-23,6019.16,6182.23,5978.64,6139.99
2010-12-24,6170.07,6198.77,6058.68,6110.2
2010-12-27,6162.99,6190.27,6002.65,6014.64
2010-12-28,6000.24,6078.03,5984.18,6060.07
2010-12-29,6046.17,6290.43,6009.93,6248.08
2010-12-30,6253.95,6265.02,6187.1,6241.93
2010-12-31,6220.38,6234.09,6059.34,6065.35
2011-01-03,6045.78,6219.74,5981.64,6191.24
2011-01-04,6192.93,6202.74,6066.01,6128.27
2011-01-05,6136.15,6184.8,6103.43,6103.45
2011-01-06,6096.58,6215.11,6082.77,6200.21
2011-01-07,6233.56,6301.6,6144.46,6145.9
2011-01-10,6125.37,6202.22,6105.29,6171.72
2011-01-11,6191.27,6290.41,6146.21,6288.69
2011-01-12,6285,6293.28,6282.59,6293.04
2011-01-13,6327.56,6425.67,6327.2,6392.72
2011-01-14,6398.04,6522.02,6394.49,6506.5
2011-01-17,6495.83,6531.54,6330.56,6368.64
2011-01-18,6337.23,6447.69,6318.42,6383.42
2011-01-19,6390.69,6397.47,6326.65,6359.09
2011-01-20,6374.1,6390.47,6261.37,6349.81
2011-01-21,6310.56,6319.79,6215.97,6238.7
2011-01-24,6245.33,6246.28,6192.72,6218.62
2011-01-25,6219.36,6309.65,6215.92,6284.41
2011-01-26,6282.38,6437.88,6230.49,6397.14
2011-01-27,6436.46,6479.63,6338.06,6360.46
2011-01-28,6389.03,6393.89,6209.63,6218.3
2011-01-31,6233.94,6276.39,6220.94,6272.14
2011-02-01,6313.3,6397.04,6301.18,6334.86
2011-02-02,6329.25,6583.58,6291.93,6552.83
2011-02-03,6551.64,6574.28,6462,6473.74
2011-02-04,6489,6605.81,6450.24,6571.92
2011-02-07,6593.09,6642.02,6395.27,6439.34
2011-02-08,6428.72,6464.49,6393.46,6463.24
2011-02-09,6436.88,6508.58,6428.82,6508.47
2011-02-10,6531.82,6573.39,6482.77,6525.58
2011-02-11,6510.85,6558.81,6411.28,6436.54
2011-02-14,6440.65,6572.79,6431.08,6562.85
2011-02-15,6562.73,6571.01,6526.46,6550.39
2011-02-16,6535.32,6564.37,6425.65,6481
2011-02-17,6486.72,6494.64,6419.47,6424.54
2011-02-18,6442.36,6539.36,6415.32,6537.66
2011-02-21,6556.53,6597.88,6411.49,6417.01
2011-02-22,6470.9,6519.69,6264.34,6306.53
2011-02-23,6297.08,6322.47,6250.97,6279.04
2011-02-24,6278.63,6319.19,6261.56,6270.36
2011-02-25,6271.45,6273.74,6223.87,6230.3
2011-02-28,6203.77,6298.32,6166.18,6293.96
2011-03-01,6297.02,6352.42,6220.49,6247.51
2011-03-02,6245.99,6255.04,6203.84,6223.5
2011-03-03,6231.53,6253.33,6132.6,6170.21
2011-03-04,6160,6172.67,6014.96,6018.81
2011-03-07,5997.14,6063.71,5996.88,6034.97
2011-03-08,6019.91,6052.35,5885.42,5918.87
2011-03-09,5941.97,5962.14,5871.97,5895.64
2011-03-10,5947.5,5977.77,5886.49,5921.49
2011-03-11,5905.54,5929.54,5841.09,5868.06
2011-03-14,5860.07,5886.32,5841.91,5878.05
2011-03-15,5846.45,5916.94,5826.72,5912.57
2011-03-16,5901.63,5975.35,5880.02,5955.39
2011-03-17,5913.74,5976.58,5906.76,5954.5
2011-03-18,5933.17,5948.96,5806.09,5815.55
2011-03-21,5798.04,5942.19,5784.92,5917.48
2011-03-22,5894.11,6056.76,5861.4,6038.3
2011-03-23,6027.96,6107.9,6002.51,6073.07
2011-03-24,6071.16,6239.9,6064.57,6187.04
2011-03-25,6172.95,6319.77,6159.22,6314.95
2011-03-28,6296.94,6299.08,6266.65,6287.32
2011-03-29,6332.64,6356.83,5993.76,6007.47
2011-03-30,5980.46,6130.08,5970.65,6077.86
2011-03-31,6122.4,6123.43,5935.28,5988.87
2011-04-01,5975.36,6009.38,5869.21,5878.95
2011-04-04,5903.17,5906.86,5702.37,5709.05
2011-04-05,5710.54,5732.03,5696.41,5705.65
2011-04-06,5700.22,5702.3,5587.49,5606.34
2011-04-07,5591.76,5690.46,5583.79,5663.98
2011-04-08,5679.53,5746.62,5615.62,5740.83
2011-04-11,5720.68,5779.11,5689,5761.89
2011-04-12,5770.51,5794.1,5640.89,5690.02
2011-04-13,5729.38,5756.14,5550.67,5590.91
2011-04-14,5617.25,5643.14,5356.69,5374.33
2011-04-15,5323.6,5353.27,5291.99,5336.88
2011-04-18,5318.33,5548.08,5317.05,5533.18
2011-04-19,5533.46,5551.34,5373.25,5402.19
2011-04-20,5456.17,5463.38,5365.5,5419.01
2011-04-21,5451.75,5467.23,5267.8,5269.34
2011-04-22,5257.19,5362.24,5256.68,5361.96
2011-04-25,5325.57,5470.18,5317.19,5442.85
2011-04-26,5438.86,5441.76,5339.17,5378.32
2011-04-27,5374.87,5472.1,5324.38,5437.45
2011-04-28,5456.71,5523.58,5452.94,5497.63
2011-04-29,5499.71,5523.05,5318.92,5356.9
2011-05-02,5367.96,5427.29,5354.44,5383.13
2011-05-03,5398.45,5604.41,5349.54,5556.7
2011-05-04,5551.55,5559.91,5536.96,5547.14
2011-05-05,5577.81,5602.23,5368.22,5417.78
2011-05-06,5443.95,5449.77,5315.28,5351.04
2011-05-09,5336.07,5341.54,5204.82,5240.64
2011-05-10,5277.72,5408.32,5267.7,5389.6
2011-05-11,5387.84,5591.66,5372.34,5536.47
2011-05-12,5524.38,5558.91,5506.15,5537.56
2011-05-13,5575.96,5688.35,5574.22,5664.33
2011-05-16,5681.39,5716.16,5648.95,5649.4
2011-05-17,5640.09,5667.72,5521.17,5573.86
2011-05-18,5556.78,5571.83,5529.96,5554.42
2011-05-19,5555.47,5569.67,5484.74,5495.51
2011-05-20,5502.97,5518.74,5451.67,5467.85
2011-05-23,5455.54,5515.22,5445.04,5484.46
2011-05-24,5509.05,5594.53,5444.72,5474.74
2011-05-25,5475.43,5496.78,5461.51,5492.36
2011-05-26,5521.09,5538.16,5363.29,5395.96
2011-05-27,5435.47,5442.07,5303.97,5328.67
2011-05-30,5367.96,5504.62,5367.62,5485.47
2011-05-31,5525.45,5564.75,5483.73,5515.69
2011-06-01,5480.16,5488.94,5440.51,5452.71
2011-06-02,5490.08,5523.22,5447.6,5500.29
2011-06-03,5526.95,5560.79,5471.91,5477.46
2011-06-06,5431.92,5449.87,5356.2,5401.13
2011-06-07,5367.36,5370.29,5275.59,5288.51
2011-06-08,5308.2,5482.94,5272.74,5462.54
2011-06-09,5451.24,5594.62,5427.57,5559.52
2011-06-10,5584.84,5658.02,5583.34,5615.47
2011-06-13,5636.14,5762.15,5611.23,5738.68
2011-06-14,5756,5774.59,5728.96,5733.78
2011-06-15,5760.83,5766.69,5633.7,5666.3
2011-06-16,5678.73,5715.58,5672.71,5703.03
2011-06-17,5703.49,5726.25,5520.79,5535.23
2011-06-20,5522.67,5545.96,5457.79,5493.35
2011-06-21,5530.08,5592.45,5506.99,5558.69
2011-06-22,5574.76,5671.1,5529.98,5657.28
2011-06-23,5664.45,5725.26,5620.74,5635.56
2011-06-24,5611.58,5709.19,5590,5700.7
2011-06-27,5697.84,5732.83,5622.09,5667.85
2011-06-28,5688.64,5711.41,5576.92,5577.26
2011-06-29,5579.22,5590.3,5371.49,5431.15
2011-06-30,5413.93,5420.64,5315.49,5319.27
2011-07-01,5333.38,5339.82,5303.6,5310.15
2011-07-04,5326.58,5376.85,5304.51,5371.41
2011-07-05,5360.36,5402.17,5339.47,5343.52
2011-07-06,5332.12,5414.5,5284.39,5396.19
2011-07-07,5417.56,5438.32,5355.87,5356.96
2011-07-08,5363.6,5376.75,5317,5371.24
2011-07-11,5387.87,5459.66,5362.03,5436.71
2011-07-12,5420.05,5442.43,5313.87,5333.01
2011-07-13,5349.02,5495.28,5331.72,5439.85
2011-07-14,5426.2,5461.13,5406.06,5448.28
2011-07-15,5488.8,5565.52,5269.41,5331.33
2011-07-18,5295.93,5371.66,5289.37,5367.64
2011-07-19,5365.4,5562.24,5362.42,5514.43
2011-07-20,5516.65,5525.99,5442.34,5461.65
2011-07-21,5471.62,5486.65,5289,5292.53
2011-07-22,5290.4,5320.82,5254.61,5275.37
2011-07-25,5266.01,5390.3,5222.43,5375.04
2011-07-26,5367.71,5512.56,5367.13,5466.38
2011-07-27,5500.8,5534.73,5355.46,5362.49
2011-07-28,5373.1,5398.8,5361.07,5387.46
2011-07-29,5382.89,5390.2,5345.13,5352.26
2011-08-01,5374.9,5447.52,5361.17,5422.07
2011-08-02,5404.77,5438.11,5377.05,5431.76
2011-08-03,5465.32,5488.15,5354.03,5366.53
2011-08-04,5354.2,5393.6,5298.91,5308.05
2011-08-05,5335.31,5422.22,5317.21,5365.84
2011-08-08,5384.21,5405.72,5224.08,5289.66
2011-08-09,5283.54,5350.62,5275.56,5324.7
2011-08-10,5331.28,5337.23,5256.72,5280.51
2011-08-11,5264.42,5287.02,5246.93,5253.87
2011-08-12,5276.76,5300.47,5066.29,5091.3
2011-08-15,5146.35,5154.68,5059.65,5060.06
2011-08-16,5111.05,5129.57,4991.38,5009.51
2011-08-17,4985,5122.43,4967.63,5116.34
2011-08-18,5088.78,5136.84,5046,5056.21
2011-08-19,5046.06,5056.19,5045.66,5055.86
2011-08-22,5055.08,5098.92,5015.56,5035.37
2011-08-23,5066.71,5254.97,5055.27,5203.83
2011-08-24,5211.3,5271.23,5208.33,5258.96
2011-08-25,5254.81,5268.64,5234.47,5248.05
2011-08-26,5260.66,5313.78,5240.33,5297.89
2011-08-29,5290.03,5302.33,5171.16,5201.19
2011-08-30,5201.54,5286.87,5172.81,5256.5
2011-08-31,5280.29,5297.72,5190.67,5203.96
2011-09-01,5161.57,5206.59,4966.38,4968.47
2011-09-02,4966.83,4988.19,4927.2,4953.54
2011-09-05,4949.92,4970.49,4855.11,4878.9
2011-09-06,4903.81,4935.74,4810,4827.8
2011-09-07,4837.92,4849.36,4659.32,4680.45
2011-09-08,4628.99,4665.33,4599.17,4631.49
2011-09-09,4643.94,4688.16,4640.83,4650.66
2011-09-12,4662.45,4677.01,4600.24,4615.85
2011-09-13,4613.99,4760.1,4573.71,4737.87
2011-09-14,4720.46,4746.06,4705.83,4742.89
2011-09-15,4736.79,4765.02,4666.86,4706.08
2011-09-16,4725.26,4765.07,4669.95,4686.19
2011-09-19,4693.94,4702.46,4648.16,4648.41
2011-09-20,4635.68,4652.5,4593.15,4628.21
2011-09-21,4614.1,4715.1,4593.51,4688.29
2011-09-22,4736.32,4754.11,4727.12,4730.61
2011-09-23,4697.35,4738.85,4614.56,4619.91
2011-09-26,4619.46,4685.83,4582.69,4670.58
2011-09-27,4655.27,4741.49,4648.73,4694.17
2011-09-28,4700.8,4717.16,4633.1,4652.28
2011-09-29,4631.84,4689.49,4629.71,4659.87
2011-09-30,4655.37,4670.82,4615.29,4633.35
2011-10-03,4625.05,4672.78,4598.18,4649.51
2011-10-04,4663.76,4694.54,4620.62,4628.72
2011-10-05,4631.31,4678.36,4630.18,4655.4
2011-10-06,4664.54,4668.83,4617.42,4623.98
2011-10-07,4592.34,4609.45,4422.34,4428.63
2011-10-10,4427.28,4571.3,4417.18,4545.33
2011-10-11,4563.46,4578.37,4541.4,4541.84
2011-10-12,4538.98,4579.06,4525.53,4574.18
2011-10-13,4561.47,4579.68,4560.24,4573.12
2011-10-14,4561.11,4580.06,4548.68,4563.39
2011-10-17,4565.65,4696.96,4539.88,4689.9
2011-10-18,4659.49,4794.71,4642.4,4736.97
2011-10-19,4796.68,4843.68,4771.55,4772.74
2011-10-20,4768.83,4775.51,4681.95,4689.57
2011-10-21,4666.77,4671.09,4622.24,4644.63
2011-10-24,4648.47,4728.16,4618.22,4723.06
2011-10-25,4741.2,4757.67,4651.04,4672.8
2011-10-26,4654.72,4685.99,4586.52,4629.21
2011-10-27,4667.86,4675.6,4524.32,4533.05
2011-10-28,4568.1,4574.99,4518.4,4519.13
2011-10-31,4504.26,4551.33,4486.92,4543.16
2011-11-01,4565.69,4569.63,4523.14,4541.82
2011-11-02,4557.59,4570.27,4431.76,4456.3
2011-11-03,4464.85,4538.16,4461.72,4507.98
2011-11-04,4559.25,4574.63,4505.02,4523.76
2011-11-07,4542.74,4564.65,4374.21,4381.33
2011-11-08,4377.47,4456.5,4373.69,4442.41
2011-11-09,4443.69,4444.04,4355.8,4367.99
2011-11-10,4380.05,4405.45,4374.47,4396.58
2011-11-11,4365.33,4427.91,4343.49,4413.57
2011-11-14,4413.83,4455.41,4412.51,4423.27
2011-11-15,4394.17,4407.17,4378.26,4378.59
2011-11-16,4381.61,4409.01,4368.25,4382.91
2011-11-17,4372.65,4372.72,4368.68,4369.95
2011-11-18,4364.36,4435.57,4330.06,4395.8
2011-11-21,4390.88,4400.55,4386.28,4396.6
2011-11-22,4397.05,4496.19,4363.82,4447.07
2011-11-23,4440.22,4504.56,4440.16,4487.8
2011-11-24,4489.9,4499.93,4387.9,4429.85
2011-11-25,4414.92,4432.1,4188.02,4227.92
2011-11-28,4226.41,4311,4200.52,4280.77
2011-11-29,4300.53,4306.71,4186.61,4189.43
2011-11-30,4192.31,4293.91,4180.21,4275.5
2011-12-01,4271.17,4290.16,4252.37,4252.71
2011-12-02,4247.28,4403.27,4235.66,4384.66
2011-12-05,4378.24,4456.29,4374.24,4434.25
2011-12-06,4385.23,4500.44,4352.36,4491.89
2011-12-07,4515.86,4563.66,4349.62,4354.99
2011-12-08,4338.86,4356.15,4323.7,4329.32
2011-12-09,4300.89,4407.57,4270.25,4380.31
2011-12-12,4400.87,4438.33,4330.84,4333.81
2011-12-13,4350.95,4366.82,4281.36,4293.9
2011-12-14,4294.76,4373.85,4277.86,4357.66
2011-12-15,4323.98,4376.62,4278.66,4372.53
2011-12-16,4379.55,4457.51,4368.17,4419.38
2011-12-19,4421.93,4448.86,4366.94,4375.29
2011-12-20,4412.92,4477.52,4315.52,4320.79
2011-12-21,4301.92,4344.53,4224.17,4245.09
2011-12-22,4257.16,4273.33,4191.37,4221.44
2011-12-23,4215.58,4341.58,4185.25,4334.09
2011-12-26,4351.34,4360.91,4316.52,4329.13
2011-12-27,4319.22,4381.38,4303.73,4368.3
2011-12-28,4368.92,4408.45,4343.27,4404.99
2011-12-29,4405.39,4452.44,4391.35,4446.47
2011-12-30,4420.18,4439.34,4410.37,4417.46
2012-01-02,4423.75,4507.85,4390.61,4487.98
2012-01-03,4463.55,4493.95,4418.41,4480.12
2012-01-04,4502.54,4509.53,4410.11,4428.64
2012-01-05,4445.99,4474.33,4413.72,4450.56
2012-01-06,4449.31,4452.85,4355.16,4367.31
2012-01-09,4344.37,4392.48,4328,4391.23
2012-01-10,4410.47,4419.39,4399.28,4414.91
2012-01-11,4403.69,4444.9,4365.17,4417.7
2012-01-12,4425.87,4605,4409.47,4560.72
2012-01-13,4571.41,4580.92,4567.18,4567.71
2012-01-16,4573.67,4643.36,4557.77,4628.23
2012-01-17,4649.4,4739.65,4617.54,4711.04
2012-01-18,4688.06,4777.42,4675.29,4765.74
2012-01-19,4783.41,4927.39,4765.63,4881.71
2012-01-20,4898.18,4913.17,4701.03,4717.32
2012-01-23,4703.34,4733.84,4608.01,4614.43
2012-01-24,4617.43,4685.75,4613.73,4648.47
2012-01-25,4644.94,4648.24,4502.39,4532.16
2012-01-26,4540.5,4554.94,4522.08,4533.19
2012-01-27,4502.39,4652.11,4501.33,4640.13
2012-01-30,4656.45,4663.59,4633.75,4647.44
2012-01-31,4641.15,4686.38,4611.65,4661.93
2012-02-01,4635.59,4698.8,4621.3,4663.27
2012-02-02,4681.47,4700.58,4610.03,4640.64
2012-02-03,4639.32,4673.2,4637.66,4653.34
2012-02-06,4638.87,4651.66,4604.94,4615.2
2012-02-07,4616.78,4618.95,4402.43,4410.12
2012-02-08,4382.22,4528.22,4377.94,4466.65
2012-02-09,4492.61,4537.65,4431.22,4450.88
2012-02-10,4487.68,4524.61,4445.83,4472.02
2012-02-13,4469.25,4513.08,4467.36,4500.48
2012-02-14,4496.69,4568.88,4493.16,4541.8
2012-02-15,4552.88,4611.21,4529.71,4564.45
2012-02-16,4568.26,4579.43,4529.6,4566.4
2012-02-17,4560.26,4677.86,4547.04,4669.42
2012-02-20,4674.75,4683.79,4551.75,4568.03
2012-02-21,4573.1,4593.5,4551,4556.34
2012-02-22,4570.5,4585.73,4549.39,4556.23
2012-02-23,4537.41,4626.5,4515.01,4622.02
2012-02-24,4609.19,4648.62,4586.24,4620.89
2012-02-27,4586.07,4710.57,4566.93,4693.5
2012-02-28,4691.38,4716.22,4638.31,4640.02
2012-02-29,4655.94,4699.49,4538.07,4560.96
2012-03-01,4590.77,4601.35,4382.97,4393.34
2012-03-02,4414.95,4449.78,4320.17,4368.2
2012-03-05,4365.53,4447.57,4335.13,4441.83
2012-03-06,4441.69,4534.68,4403.99,4522.1
2012-03-07,4552.71,4568.71,4466.92,4469.16
2012-03-08,4487.5,4505.54,4476.35,4486.56
2012-03-09,4491.6,4519.3,4473.75,4515.75
2012-03-12,4527.05,4597.48,4524.91,4543.36
2012-03-13,4547.03,4547.65,4505.81,4506.29
2012-03-14,4506.47,4512.03,4475.65,4504.47
2012-03-15,4500.82,4510.5,4464.84,4484.57
2012-03-16,4470.56,4504.24,4429.55,4495.23
2012-03-19,4468.42,4479.16,4417.22,4420.67
2012-03-20,4421.31,4486.37,4396.99,4476.1
2012-03-21,4462.3,4522.75,4407.04,4452.22
2012-03-22,4458.61,4480.05,4450.56,4474.06
2012-03-23,4481.97,4541.44,4455.94,4526.47
2012-03-26,4553.05,4557.14,4349.5,4374.1
2012-03-27,4403.94,4411.29,4380.68,4401.1
2012-03-28,4416.41,4459.82,4252.1,4264.09
2012-03-29,4240.26,4368.73,4222.22,4364.28
2012-03-30,4373.77,4419.2,4366.44,4403.96
2012-04-02,4414.25,4454.62,4410.66,4450.91
2012-04-03,4469.43,4484.38,4428,4437.5
2012-04-04,4444.9,4489.18,4391.69,4392.88
2012-04-05,4389.97,4448.53,4353.92,4443.18
2012-04-06,4429.83,4528.38,4406.33,4503.97
2012-04-09,4510.72,4563.35,4503.16,4548.24
2012-04-10,4545.05,4584.55,4502.96,4581.57
2012-04-11,4578.19,4630.69,4551.19,4612.68
2012-04-12,4619.24,4650,4609.22,4619.16
2012-04-13,4649.47,4784.13,4639.43,4724.78
2012-04-16,4702.07,4815.52,4679.4,4811.09
2012-04-17,4818.36,4822.8,4758.68,4778.6
2012-04-18,4834.45,4843.03,4792.73,4808.77
2012-04-19,4789.21,4878.92,4772.68,4878.46
2012-04-20,4885.21,4891.81,4808.36,4830.29
2012-04-23,4840.25,4918.08,4834.2,4908.46
2012-04-24,4885.48,4944.89,4830.08,4904.35
2012-04-25,4866.47,4943.05,4844.93,4922.72
2012-04-26,4928.24,5080.15,4912.1,5069.36
2012-04-27,5084.99,5097.53,5033.55,5049.25
2012-04-30,5041.6,5043.11,5009.66,5018.33
2012-05-01,5013.85,5064.92,4998.69,5036.04
2012-05-02,5028.81,5068.85,5011.75,5061.51
2012-05-03,5051.19,5054.78,4989.5,5033.38
2012-05-04,5023.85,5031.55,4923.75,4943.34
2012-05-07,4957.96,4984.68,4851.22,4870.6
2012-05-08,4880.79,4886.76,4832.25,4867.73
2012-05-09,4878.83,4956.86,4853.73,4933.74
2012-05-10,4928.94,4934.82,4858.78,4881.55
2012-05-11,4886.15,4897.11,4841.9,4881.47
2012-05-14,4887.57,4928.5,4770.71,4786.92
2012-05-15,4784.9,4834.48,4723.79,4742.81
2012-05-16,4752.44,4809.48,4707.46,4784.4
2012-05-17,4776.98,4844.63,4654.46,4670.58
2012-05-18,4667.47,4678.4,4636.6,4639.75
2012-05-21,4614.96,4746.03,4613.78,4707.86
2012-05-22,4700.73,4836.49,4680.74,4802.58
2012-05-23,4818.32,4829.44,4762.49,4775.69
2012-05-24,4788.62,4815.09,4686.3,4717.1
2012-05-25,4766.45,4771.56,4599.24,4634.18
2012-05-28,4641.19,4665.69,4588.59,4610.47
2012-05-29,4608.66,4623.61,4551.71,4587.1
2012-05-30,4578.89,4666.58,4570.99,4661.18
2012-05-31,4658.7,4683.52,4624.76,4635.12
2012-06-01,4642.23,4692.35,4622.34,4669.6
2012-06-04,4649.83,4690.94,4628.62,4656.79
2012-06-05,4670.33,4673.89,4624.9,4631.01
2012-06-06,4619.34,4702.59,4591.98,4677.55
2012-06-07,4677.83,4679.9,4531.93,4537.53
2012-06-08,4518.16,4552.98,4506.13,4550.33
2012-06-11,4558.96,4626.8,4554.69,4621.52
2012-06-12,4619.59,4684.19,4561.95,4658.12
2012-06-13,4691.4,4695.59,4631.82,4646.43
2012-06-14,4628.72,4680.96,4614.52,4676.55
2012-06-15,4637.91,4646.77,4575.12,4580.63
2012-06-18,4595.49,4741.63,4568.42,4737.98
2012-06-19,4747.74,4749.92,4727.83,4746.7
2012-06-20,4734.37,4776.96,4725.49,4757.2
2012-06-21,4780.59,4783.01,4663.93,4678.56
2012-06-22,4676.18,4685.42,4650.73,4651.63
2012-06-25,4636.21,4644.56,4546.55,4559.92
2012-06-26,4544.35,4630.65,4529.33,4622.08
2012-06-27,4593.43,4608.61,4502.52,4557.54
2012-06-28,4545.81,4574.76,4464.43,4488.72
2012-06-29,4469.26,4570.85,4435.78,4534.48
2012-07-02,4525.73,4647.36,4521.33,4629.29
2012-07-03,4629.62,4639.27,4570.48,4596.83
2012-07-04,4632.08,4653.44,4611.12,4626.5
2012-07-05,4630.54,4657.66,4578.25,4589.5
2012-07-06,4576.85,4647.52,4576.18,4626.55
2012-07-09,4597.26,4614.42,4589.62,4590.57
2012-07-10,4601.18,4681.46,4581.92,4652.32
2012-07-11,4656.35,4765.31,4637.26,4742.04
2012-07-12,4741.83,4817.58,4724.78,4813.39
2012-07-13,4825.95,4836.11,4758.37,4813.71
2012-07-16,4844.74,4870.53,4843.23,4865.37
2012-07-17,4887.14,4897.57,4835.75,4860.47
2012-07-18,4875.2,4879.63,4800.48,4802.78
2012-07-19,4791.74,4792.41,4752.22,4770.17
2012-07-20,4735.46,4771.72,4691.08,4743.67
2012-07-23,4715.57,4731.28,4603.85,4623.43
2012-07-24,4604.23,4629.54,4563.91,4578.42
2012-07-25,4585.48,4647.29,4559.5,4641.43
2012-07-26,4641.55,4657.73,4588.4,4612.91
2012-07-27,4656.69,4670.67,4550.22,4585.68
2012-07-30,4612.43,4644.72,4595.66,4625.31
2012-07-31,4642.64,4694.78,4634.37,4672.8
2012-08-01,4653.44,4662,4594.88,4654.71
2012-08-02,4637.69,4666.16,4628.04,4641.68
2012-08-03,4643.73,4697.12,4641.98,4690.52
2012-08-06,4684.56,4689.69,4668.86,4676.66
2012-08-07,4716.35,4752.56,4568.3,4596.98
2012-08-08,4586.79,4620.63,4562.64,4607.08
2012-08-09,4615.09,4639,4605.56,4622.85
2012-08-10,4654.42,4679.19,4482.78,4537.05
2012-08-13,4541.69,4587.9,4538.84,4540.61
2012-08-14,4526.45,4543.19,4524.87,4526.86
2012-08-15,4546.66,4622.24,4524.03,4599.58
2012-08-16,4585.73,4586.9,4569.84,4586.1
2012-08-17,4587.05,4645.43,4582.85,4637.29
2012-08-20,4649.32,4710.22,4599.64,4627.15
2012-08-21,4608.99,4638.34,4601.42,4628.26
2012-08-22,4638.22,4659.16,4618.22,4622.53
2012-08-23,4615.1,4616.79,4529.47,4533.35
2012-08-24,4518.45,4656.11,4511.76,4653.3
2012-08-27,4607.56,4746.96,4600.3,4718.24
2012-08-28,4722.69,4753.65,4710.76,4744.87
2012-08-29,4718.26,4766.04,4596.59,4618.46
2012-08-30,4626.68,4635.37,4574.64,4599.43
2012-08-31,4618.77,4620.52,4554.38,4570.25
2012-09-03,4563.7,4593.76,4531.86,4589.39
2012-09-04,4594.08,4617.24,4446.42,4482.48
2012-09-05,4480.64,4533.22,4442.66,4501.83
2012-09-06,4479.4,4521.84,4462.67,4510.22
2012-09-07,4501.67,4611.4,4497.02,4592.04
2012-09-10,4581.18,4647.09,4569.96,4627.01
2012-09-11,4673.32,4681.26,4622.7,4642.04
2012-09-12,4598.88,4616.39,4450.9,4494.48
2012-09-13,4519.42,4529.88,4403.8,4426.09
2012-09-14,4409.92,4453.8,4406,4450.6
2012-09-17,4442.94,4459.58,4411.94,4417.55
2012-09-18,4389.71,4390.38,4314.64,4323.29
2012-09-19,4315.43,4352.67,4299.57,4344.12
2012-09-20,4348.84,4383.77,4329.1,4343.59
2012-09-21,4326.08,4347.81,4270.75,4344.25
2012-09-24,4316.26,4417.91,4302.87,4417.22
2012-09-25,4417.71,4450.09,4288.18,4299.1
2012-09-26,4278.35,4294.43,4183.9,4210.48
2012-09-27,4204.53,4301.69,4204.31,4297.47
2012-09-28,4269.77,4295.27,4236.62,4289.43
2012-10-01,4294.5,4308.2,4258.86,4292.21
2012-10-02,4280.61,4404.8,4265.27,4379.32
2012-10-03,4335.12,4341.61,4290.51,4306.09
2012-10-04,4270,4361.43,4235.87,4332.08
2012-10-05,4307.68,4379.05,4290,4349.07
2012-10-08,4342.48,4394.5,4325.02,4385.99
2012-10-09,4365.99,4394.97,4332.39,4375.02
2012-10-10,4366.23,4407.39,4345.8,4404.21
2012-10-11,4387.66,4416.5,4344.79,4353.07
2012-10-12,4336.64,4382.48,4329.89,4339.32
2012-10-15,4348.1,4384.33,4340.49,4374.2
2012-10-16,4378.92,4395.56,4372.15,4383.35
2012-10-17,4378.05,4433.53,4355.04,4423.57
2012-10-18,4392.67,4447.93,4390.83,4433.19
2012-10-19,4424.84,4461.64,4357.63,4359.87
2012-10-22,4346.68,4382.32,4333.93,4353.83
2012-10-23,4349.29,4386.22,4345.37,4364.95
2012-10-24,4402.06,4433.35,4397.48,4431.28
2012-10-25,4433.65,4509.53,4413.68,4493.87
2012-10-26,4523.43,4581.42,4519.47,4580.33
2012-10-29,4600.39,4622.84,4566.83,4596.37
2012-10-30,4558.56,4692.25,4543.31,4672.59
2012-10-31,4657.87,4750.32,4654.63,4728.81
2012-11-01,4721.7,4763.4,4708.76,4736.88
2012-11-02,4732.49,4870.17,4719.42,4846.43
2012-11-05,4863.85,4896.75,4790.07,4796.78
2012-11-06,4809.98,4811.27,4728.85,4762.09
2012-11-07,4754,4800.66,4743.06,4785.91
2012-11-08,4774.3,4821.95,4744.33,4794.46
2012-11-09,4789.2,4804.62,4748.44,4754.43
2012-11-12,4742.07,4775.03,4736.53,4742.98
2012-11-13,4749.42,4768.58,4745.52,4750.59
2012-11-14,4758.03,4784.23,4738.81,4782.15
2012-11-15,4759.24,4776,4737.78,4767.66
2012-11-16,4754.39,4810.57,4741.01,4798.96
2012-11-19,4778.71,4886.98,4753.26,4857.64
2012-11-20,4838.42,4850.57,4814.86,4838.87
2012-11-21,4843.68,4879,4831.75,4863.23
2012-11-22,4874.25,4894.84,4780.67,4798.97
2012-11-23,4789.4,4831.88,4731.17,4741.9
2012-11-26,4739.1,4826.12,4724.89,4798.84
2012-11-27,4800.06,4861.48,4725.59,4726.65
2012-11-28,4720.39,4752.89,4717.73,4735.13
2012-11-29,4755.96,4767.78,4685.99,4724.58
2012-11-30,4740.94,4746.67,4721.91,4734.89
2012-12-03,4685.29,4781.2,4626.24,4743.97
2012-12-04,4740.61,4842.65,4716.89,4801.55
2012-12-05,4799.46,4802.61,4636.95,4705.74
2012-12-06,4666.2,4693.74,4651.16,4669.47
2012-12-07,4685.48,4687.94,4662.79,4671.52
2012-12-10,4678.96,4740.29,4644.09,4737.59
2012-12-11,4754.51,4772.33,4734.19,4770.34
2012-12-12,4788.42,4792.4,4666.9,4680.15
2012-12-13,4687.72,4741.21,4638.5,4721.26
2012-12-14,4757.53,4771.56,4628.56,4672.65
2012-12-17,4683.27,4730.43,4669.48,4725.81
2012-12-18,4729.98,4764.19,4673.48,4675.16
2012-12-19,4710.83,4715.43,4679.45,4683.91
2012-12-20,4684.89,4823.9,4661.88,4773.41
2012-12-21,4851.24,4871.66,4732.27,4746.48
2012-12-24,4731.9,4782.86,4656.15,4675.54
2012-12-25,4682.8,4690.36,4661.39,4663.79
2012-12-26,4667.19,4835.99,4654.67,4815.01
2012-12-27,4820.09,4853.73,4786.18,4799.92
2012-12-28,4783.83,4839.14,4782.08,4829.76
2012-12-31,4840.72,4917.18,4802.16,4887.69
2013-01-01,4890.39,4901.19,4847.8,4878.04
2013-01-02,4852.94,4858.85,4803.11,4803.84
2013-01-03,4796.94,4856.05,4780.73,4819.55
2013-01-04,4815.84,4827.76,4775.35,4808.63
2013-01-07,4797.74,4840.97,4766,4823.03
2013-01-08,4810.66,4826.34,4718.5,4747.13
2013-01-09,4756.06,4793.85,4744.43,4773.07
2013-01-10,4778.72,4818.12,4775.98,4794.59
2013-01-11,4794.36,4970.81,4777.82,4957.19
2013-01-14,4956.94,4999.7,4942.66,4993.39
2013-01-15,4973.07,5089.46,4969.37,5077.75
2013-01-16,5053.03,5086.67,5049.02,5080.52
2013-01-17,5060.6,5187.65,5034.88,5172.41
2013-01-18,5177.61,5216.88,5142.4,5205.13
2013-01-21,5187.67,5208,5133.13,5134.82
2013-01-22,5163.13,5233.92,5155.09,5207.83
2013-01-23,5229.8,5311.76,5203.81,5278.74
2013-01-24,5284.2,5469.46,5265.46,5454.33
2013-01-25,5475.8,5476.41,5366.24,5392.54
2013-01-28,5405.6,5493.04,5402.01,5442.95
2013-01-29,5439.57,5441.14,5320.56,5347.65
2013-01-30,5361.36,5390.45,5307.92,5310.29
2013-01-31,5298.03,5322.22,5293.82,5306.85
2013-02-01,5295.67,5319.57,5172.09,5216.58
2013-02-04,5212.55,5247.35,5159.94,5168.53
2013-02-05,5152.21,5224.4,5148.23,5210.58
2013-02-06,5197.39,5209.65,5172.34,5175.76
2013-02-07,5179.65,5263.61,5145.32,5228.03
2013-02-08,5240.04,5263.39,5142.73,5185.24
2013-02-11,5195.95,5222.27,5167.12,5195.72
2013-02-12,5193.81,5249.39,5190.31,5228.61
2013-02-13,5268.33,5287.16,5106.77,5148.32
2013-02-14,5141.45,5187.47,5139.96,5158.81
2013-02-15,5137.83,5308.49,5136.01,5291.12
2013-02-18,5286.22,5299.44,5174.81,5199.54
2013-02-19,5170.18,5281.29,5130.87,5274.62
2013-02-20,5291.6,5318.51,5198.25,5231.08
2013-02-21,5236.32,5277.7,5173.74,5188.92
2013-02-22,5191.32,5232.96,5173.78,5192.03
2013-02-25,5192.8,5251.23,5144.78,5167.64
2013-02-26,5208.23,5212.17,5043.5,5046.74
2013-02-27,5048.32,5067.99,5011.65,5057.99
2013-02-28,5048.96,5057.69,5001.06,5012.45
2013-03-01,4993.47,5013.34,4924.4,4981.38
2013-03-04,4980.55,5005.66,4970.47,4990.35
2013-03-05,5012.12,5027.5,4994.55,5022.03
2013-03-06,5047.51,5074.3,4989.42,5000.79
2013-03-07,5017.12,5020.14,4961.16,4975.79
2013-03-08,4946.32,4992.19,4899.03,4929.72
2013-03-11,4915.52,4926.53,4903.34,4905.8
2013-03-12,4899.32,4906.81,4680.84,4720.97
2013-03-13,4718,4788.76,4709.74,4780.45
2013-03-14,4793.35,4815.33,4732.84,4767.15
2013-03-15,4769.48,4780.11,4766.98,4779.54
2013-03-18,4795.89,4819.99,4780.93,4800.06
2013-03-19,4778.54,4828.1,4773.73,4823.4
2013-03-20,4817.16,4873.33,4806.88,4838.65
2013-03-21,4840.26,4877.37,4825.64,4860.38
2013-03-22,4848.71,4872.72,4813.32,4827.48
2013-03-25,4801.18,4889.11,4767.42,4848.36
2013-03-26,4856.16,4899.53,4844.72,4866.79
2013-03-27,4862.43,4866.21,4657.4,4675.12
2013-03-28,4697.71,4722.98,4691.78,4693.64
2013-03-29,4701.63,4715.49,4679.55,4690.24
2013-04-01,4668.71,4780.04,4644.38,4745.72
2013-04-02,4761.96,4797.78,4567.9,4577.41
2013-04-03,4553.62,4607.73,4541.93,4598.89
2013-04-04,4605.67,4635.45,4501.24,4511.4
2013-04-05,4514.53,4551.03,4498.06,4518.14
2013-04-08,4522.23,4599.72,4499.54,4587.93
2013-04-09,4546.75,4602.3,4532.51,4590.23
2013-04-10,4614.01,4641.17,4561.65,4573.07
2013-04-11,4602.07,4628.98,4492.32,4497.81
2013-04-12,4488.79,4510.56,4399.26,4411.62
2013-04-15,4417,4453.07,4410.37,4449.41
2013-04-16,4436.6,4479.83,4432.1,4467.3
2013-04-17,4470.57,4471.23,4423.37,4431.29
2013-04-18,4429.88,4470.4,4399.75,4445.34
2013-04-19,4431.68,4481.03,4404.23,4449.8
2013-04-22,4449.08,4457.63,4418.18,4439.06
2013-04-23,4427.13,4587.87,4422.23,4563.03
2013-04-24,4553.57,4564.06,4547.93,4552.04
2013-04-25,4560.32,4591.51,4554.41,4567.88
2013-04-26,4575.5,4699.7,4546.89,4695.22
2013-04-29,4746.9,4753.97,4658.18,4704.41
2013-04-30,4664.3,4890.7,4663.69,4857.07
2013-05-01,4813.03,4914.61,4802.25,4870.74
2013-05-02,4875.8,4883.14,4790.98,4844.99
2013-05-03,4869.52,4992.35,4860.19,4957.73
2013-05-06,4958.53,4986.77,4879.69,4917.4
2013-05-07,4904.9,4953.22,4870.16,4951.56
2013-05-08,4955.61,4996.25,4876.63,4886.29
2013-05-09,4907.27,4920.54,4884.56,4896.8
2013-05-10,4906.74,4928.44,4854.75,4895.74
2013-05-13,4872.44,4892.28,4786.92,4802.32
2013-05-14,4785.81,4807.01,4701.98,4722.12
2013-05-15,4699.59,4774.69,4688.18,4748.47
2013-05-16,4758.33,4939.2,4749.2,4927.3
2013-05-17,4927.46,4963.57,4843.99,4859.53
2013-05-20,4867,4904.76,4805.64,4814.03
2013-05-21,4850.35,4865.69,4750.48,4812.25
2013-05-22,4817.56,4870.33,4807.85,4856.88
2013-05-23,4853.15,4873.78,4810.38,4823.12
2013-05-24,4788.56,4816.5,4760.36,4776.24
2013-05-27,4794.38,4868.11,4779.02,4867.55
2013-05-28,4893.68,4909.22,4696.21,4697.53
2013-05-29,4675.23,4706.66,4636.36,4646.29
2013-05-30,4667.51,4691.63,4449.21,4476.21
2013-05-31,4482.23,4486.94,4455.55,4464.66
2013-06-03,4453.07,4509.6,4435.46,4483.06
2013-06-04,4502.37,4570.7,4494.51,4552.25
2013-06-05,4540.35,4561.45,4519.35,4550.89
2013-06-06,4564.27,4659.55,4557.57,4637.73
2013-06-07,4667.88,4670.9,4558.13,4576.97
2013-06-10,4613.37,4614.84,4576.68,4599.93
2013-06-11,4583.21,4657.55,4570.5,4621.73
2013-06-12,4619.92,4690.52,4588.94,4669.97
2013-06-13,4693.2,4698.4,4682.7,4683.18
2013-06-14,4642.88,4809.36,4578.04,4802.45
2013-06-17,4809,4844.96,4615.8,4637.85
2013-06-18,4651.69,4670.4,4502.99,4516.49
2013-06-19,4475.11,4589.59,4445.39,4552.01
2013-06-20,4513.53,4691.52,4502.58,4668.02
2013-06-21,4639.38,4800.34,4634.23,4793.8
2013-06-24,4825.93,4853.1,4798.16,4844.23
2013-06-25,4861.56,4874.57,4778.64,4807.67
2013-06-26,4810.97,4895.83,4803.58,4872.13
2013-06-27,4859.64,4937.39,4858.48,4919.72
2013-06-28,4928.48,4983.02,4918.48,4965.07
2013-07-01,4977.34,4991.09,4952.36,4959.39
2013-07-02,4970.25,4990.48,4959.7,4962.49
2013-07-03,4968.99,4981.14,4902.68,4906.09
2013-07-04,4875.12,4918.61,4848.06,4911.75
2013-07-05,4899.25,4978.43,4892.36,4933.64
2013-07-08,4928.9,4969.65,4922.88,4969.4
2013-07-09,4993.26,5059.02,4959.2,5017.75
2013-07-10,5011.27,5032.75,4959.72,4965.48
2013-07-11,4956.56,4966.84,4932.23,4932.4
2013-07-12,4947.15,4988.2,4867.27,4882.46
2013-07-15,4892.15,4926.47,4861.93,4909.33
2013-07-16,4891.06,4961.76,4867.84,4911.12
2013-07-17,4924.35,4928.19,4878.28,4926.04
2013-07-18,4918.4,4975.38,4906.41,4964.44
2013-07-19,4970.11,5075.41,4940.78,5047.78
2013-07-22,5017.32,5083.51,5001.64,5045.96
2013-07-23,5023.06,5038.91,4983.61,4989.18
2013-07-24,4976.97,5024.57,4976.35,5014.58
2013-07-25,5020.35,5037.24,4920.78,4940.49
2013-07-26,4940.27,4991.61,4915.41,4983.35
2013-07-29,4998.61,5052.1,4987,5051.98
2013-07-30,5011.76,5060.35,4972.59,5052.82
2013-07-31,5050.27,5069.67,4980.98,5002.59
2013-08-01,5001.04,5033.83,4902.36,4921.51
2013-08-02,4950.93,4971.38,4886.48,4908.44
2013-08-05,4889.71,4946.89,4855.88,4937.04
2013-08-06,4926.85,4932.4,4882.18,4899.96
2013-08-07,4926.96,4937.14,4792.46,4832.32
2013-08-08,4828.28,4971.59,4809.56,4941.09
2013-08-09,4966.7,5038.93,4956.64,5028.85
2013-08-12,5030.5,5075.51,5025.27,5056.78
2013-08-13,5091.4,5098,4970.24,4983.89
2013-08-14,4968.75,4981.47,4887.57,4915.36
2013-08-15,4919.98,4978.09,4875.63,4887.55
2013-08-16,4884.95,5003.89,4880.63,4974.22
2013-08-19,4985.04,5022.11,4871.68,4902.35
2013-08-20,4931.07,5016.77,4915.25,5007.99
2013-08-21,5007.35,5026,4975.75,5013.11
2013-08-22,5008.01,5020.51,4980.9,4990.86
2013-08-23,4987.36,5072.9,4965.26,5051.83
2013-08-26,5042.63,5061.82,5029.51,5053.14
2013-08-27,5044.44,5068.87,5039.32,5062.43
2013-08-28,5074.19,5150.58,5045.81,5090.99
2013-08-29,5084.59,5178.98,5068.07,5153.88
2013-08-30,5190.05,5218.65,5124.07,5175.26
2013-09-02,5144.3,5168,5090.01,5102.16
2013-09-03,5115.06,5168.28,5114.15,5163.72
2013-09-04,5163.39,5190.41,5143.02,5153.98
2013-09-05,5149.7,5259.29,5135.19,5247.14
2013-09-06,5252.68,5254.36,5203.4,5232.66
2013-09-09,5280.46,5297.53,5145.94,5151.92
2013-09-10,5177.31,5200.67,5133.64,5164.2
2013-09-11,5126.62,5128.71,5108.86,5125.4
2013-09-12,5151.49,5268.54,5118.8,5259.71
2013-09-13,5265.49,5269.83,5202.08,5234.74
2013-09-16,5237.66,5254.3,5019.66,5055.03
2013-09-17,5064.44,5071.8,4995.97,5032.3
2013-09-18,5040.88,5140.41,5004.46,5113.69
2013-09-19,5124.39,5132.04,4859.81,4904.55
2013-09-20,4920.79,4972.27,4901.93,4961.25
2013-09-23,4967,4971.8,4927.9,4961.09
2013-09-24,4959.84,5000.72,4921.98,4982.08
2013-09-25,4958.77,5085.05,4925.32,5078.29
2013-09-26,5112.89,5129.91,5065.19,5092.64
2013-09-27,5091.89,5136.48,5028.1,5090.72
2013-09-30,5081.31,5131.82,5043.87,5119.98
2013-10-01,5132.82,5142.18,5085.13,5100.37
2013-10-02,5109.81,5198.24,5095.22,5183.96
2013-10-03,5184.96,5292.71,5137.69,5258.74
2013-10-04,5273.08,5283.47,5251.54,5266.14
2013-10-07,5305.61,5377.29,5286.25,5341.67
2013-10-08,5324.44,5351.54,5149.84,5160.84
2013-10-09,5176.16,5207.83,5027.71,5063.52
2013-10-10,5035.99,5089.72,5027.08,5072.38
2013-10-11,5041.82,5141.09,5012.83,5125.33
2013-10-14,5111.64,5183.22,5078.95,5175.55
2013-10-15,5198.76,5230.29,5151.4,5225.79
2013-10-16,5257.17,5275.25,5178.36,5214.69
2013-10-17,5181.7,5356.09,5164.59,5328.9
2013-10-18,5345.2,5352.52,5147.46,5194.97
2013-10-21,5172.11,5316.31,5157.64,5287
2013-10-22,5280.04,5349,5223.77,5228.07
2013-10-23,5218.15,5316.64,5205.09,5312.74
2013-10-24,5311.36,5340.31,5204.36,5239.87
2013-10-25,5220.12,5367.5,5199.05,5245.94
2013-10-28,5268.15,5269.5,5174.09,5186.61
2013-10-29,5178.25,5305.3,5160.07,5269.66
2013-10-30,5305.17,5332.46,5226.03,5264.46
2013-10-31,5276.87,5371.02,5261.26,5360.41
2013-11-01,5401.71,5464.06,5400.17,5431.88
2013-11-04,5429.01,5443.45,5412.73,5418.63
2013-11-05,5445.9,5460.68,5352.83,5376.84
2013-11-06,5414.88,5475.61,5393.51,5453.31
2013-11-07,5439.29,5517.75,5434.23,5496.6
2013-11-08,5498.46,5533.25,5417.46,5460.28
2013-11-11,5456.42,5506.84,5392.15,5396.47
2013-11-12,5396.72,5414.2,5216.73,5255.66
2013-11-13,5254.65,5312.63,5195.97,5268.16
2013-11-14,5269.76,5285.71,5175.98,5211.64
2013-11-15,5191.15,5231.26,5092.59,5101.21
2013-11-18,5062.83,5073.07,5001.21,5063.67
2013-11-19,5041.08,5104.59,5010.4,5098.31
2013-11-20,5080.19,5193.44,5076.78,5172.42
2013-11-21,5187,5202.74,5115.89,5123.97
2013-11-22,5118.1,5210.77,5098.99,5204.05
2013-11-25,5207.33,5235.1,5158.94,5223.2
2013-11-26,5176.85,5222.17,5133.06,5202.12
2013-11-27,5224.78,5292.38,5211.76,5263.75
2013-11-28,5254.9,5383.18,5220.29,5346.07
2013-11-29,5376.06,5425.56,5347.12,5358.16
2013-12-02,5346.97,5435.81,5345.33,5413.83
2013-12-03,5424.26,5508.75,5401.88,5470.14
2013-12-04,5483.84,5637.07,5474.13,5612.94
2013-12-05,5615.05,5640.15,5601.73,5634.17
2013-12-06,5658.11,5683.94,5650.31,5660.33
2013-12-09,5645.87,5716.04,5638.74,5682.63
2013-12-10,5667.31,5764.11,5661.01,5740.27
2013-12-11,5738.58,5802.16,5737.59,5743.51
2013-12-12,5734.1,5974.69,5702.74,5964.79
2013-12-13,5944.76,5947.74,5927.2,5943.39
2013-12-16,5939.66,5950.27,5787.16,5788.71
2013-12-17,5774.55,5812.55,5676.26,5735.23
2013-12-18,5713.17,5795.41,5675.96,5777.59
2013-12-19,5791.46,5812.98,5709.1,5740.44
2013-12-20,5751.11,5766.28,5722.49,5751.09
2013-12-23,5769.35,5887.98,5687.04,5879.04
2013-12-24,5850.69,5898.24,5831.06,5862.77
2013-12-25,5851.86,5908.66,5834.5,5845.75
2013-12-26,5842.17,5878.54,5761.27,5809.84
2013-12-27,5829.82,5842.89,5810.08,5841.07
2013-12-30,5842.74,6023.15,5837.63,6013.63
2013-12-31,6006.02,6035.44,5908.08,5973.16
2014-01-01,6000.83,6079.76,5992.05,6072.84
2014-01-02,6049.97,6117.99,6004.41,6100.27
2014-01-03,6094.91,6150.44,6084.25,6137.47
2014-01-06,6114.23,6244.03,6111.43,6207.13
2014-01-07,6210.32,6238.71,6152.01,6187.79
2014-01-08,6190.71,6200.29,6190.1,6190.26
2014-01-09,6168.84,6244.88,6129.09,6206.51
2014-01-10,6221.3,6250.67,6144.38,6172.71
2014-01-13,6187.58,6204.03,6145.89,6163.22
2014-01-14,6164.65,6219.58,6121.57,6204.48
2014-01-15,6216.24,6245.88,6128.34,6153.39
2014-01-16,6189.83,6222.29,6135.91,6178.3
2014-01-17,6189.48,6191.54,6102.81,6122.9
2014-01-20,6152.44,6227.97,6128.89,6183.85
2014-01-21,6157.52,6271.16,6151.6,6251.41
2014-01-22,6285.96,6309.49,6223.53,6262.86
2014-01-23,6223.67,6306.46,6203.48,6261.49
2014-01-24,6261.82,6459.42,6241.65,6376.93
2014-01-27,6376.44,6455.18,6369.77,6446.64
2014-01-28,6459.52,6479.48,6403.22,6434.37
2014-01-29,6408.97,6460.58,6347.01,6386.53
2014-01-30,6403.13,6485.44,6377.46,6396.41
2014-01-31,6396.5,6468.69,6338.36,6455.44
2014-02-03,6436.21,6519.16,6364.96,6474.02
2014-02-04,6474.49,6475.11,6270.59,6278.41
2014-02-05,6321.05,6339.01,6204.6,6275.42
2014-02-06,6266.44,6389.72,6257.79,6381.24
2014-02-07,6383.53,6430.03,6307.64,6334.71
2014-02-10,6294.66,6332.79,6253.17,6329.44
2014-02-11,6355.55,6396.17,6351.14,6352.88
2014-02-12,6358.14,6364.1,6305.61,6311.2
2014-02-13,6316.72,6320.48,6214.76,6243.35
2014-02-14,6279.18,6328.98,6180.87,6208.35
2014-02-17,6201.81,6255.47,6166.81,6219.59
2014-02-18,6240.4,6269.11,6152.98,6176.38
2014-02-19,6171.76,6268.85,6152.7,6234.02
2014-02-20,6220.38,6241.59,6216.37,6231.07
2014-02-21,6276.23,6284,6185.6,6237.67
2014-02-24,6246.65,6436.18,6240.07,6413.52
2014-02-25,6399.01,6461.28,6385.01,6459.81
2014-02-26,6460.57,6501.74,6239.8,6264
2014-02-27,6252.13,6344.14,6209.45,6295
2014-02-28,6241.89,6343.48,6173.41,6306.52
2014-03-03,6333.31,6396.46,6265.01,6297.58
2014-03-04,6335.92,6352.65,6243.29,6265.83
2014-03-05,6301.99,6342.68,6247.57,6254.17
2014-03-06,6261.52,6290.34,6189.18,6217.81
2014-03-07,6193.12,6222.87,6164.71,6204.34
2014-03-10,6210.55,6223.07,6103.75,6113.19
2014-03-11,6119.96,6146.25,6098.49,6132
2014-03-12,6169.67,6172.49,6070.62,6110.57
2014-03-13,6138.01,6248.03,6128.5,6187.42
2014-03-14,6253.63,6269.57,6241.17,6244.03
2014-03-17,6251.22,6254.59,6145.29,6169.44
2014-03-18,6162.36,6294.44,6162.04,6258.01
2014-03-19,6263.69,6275.03,6130.13,6147.91
2014-03-20,6151.96,6225.55,6130.56,6204.86
2014-03-21,6215.43,6239.53,6132.46,6133.61
2014-03-24,6157.64,6162.28,5944.06,5967.64
2014-03-25,5949.74,6085.63,5914.95,6065.61
2014-03-26,6094.85,6109.43,6091.05,6097.87
2014-03-27,6098.3,6403.95,6023.89,6349.27
2014-03-28,6394.06,6422.9,6248.8,6270.91
2014-03-31,6254.22,6254.59,6178.5,6213.47
2014-04-01,6217.93,6263.42,6158.59,6179.39
2014-04-02,6204.88,6207.21,6054.32,6063.65
2014-04-03,6067.78,6070.41,6023.98,6032.29
2014-04-04,6031.87,6147.91,6031.07,6141.86
2014-04-07,6152.29,6189.28,6094.87,6119.89
2014-04-08,6136.43,6222.21,6121.43,6149.44
2014-04-09,6174.73,6289.44,6163.94,6220.43
2014-04-10,6194.48,6280.82,6153.54,6237.29
2014-04-11,6195.74,6287.58,6180.02,6267.66
2014-04-14,6265.32,6336.02,6244.15,6322.14
2014-04-15,6324.09,6326.05,6303.52,6317.6
2014-04-16,6328.46,6418.03,6322.16,6373.77
2014-04-17,6374.41,6418.29,6336.6,6414.38
2014-04-18,6420.91,6531.05,6390.37,6468.99
2014-04-21,6488.34,6531.17,6458.46,6518.98
2014-04-22,6526.62,6569.68,6487.62,6553.3
2014-04-23,6564.85,6581.34,6426.05,6484.39
2014-04-24,6465.05,6570.66,6440.91,6540.46
2014-04-25,6490.32,6592.64,6419.26,6433.73
2014-04-28,6429.66,6448.5,6367.93,6415.56
2014-04-29,6396.68,6458.23,6388.2,6392.71
2014-04-30,6417.15,6441.63,6331.15,6406.21
2014-05-01,6397.91,6453.61,6386.06,6443.97
2014-05-02,6418.78,6615.34,6412.24,6588.38
2014-05-05,6583.01,6629.86,6508.51,6525.85
2014-05-06,6545.31,6560.25,6502.05,6517.98
2014-05-07,6521.84,6584.42,6412.67,6550.03
2014-05-08,6548.17,6580.4,6537.8,6548.95
2014-05-09,6524.78,6674.18,6505.49,6631.11
2014-05-12,6663.8,6693.86,6644.74,6671.97
2014-05-13,6637.72,6737.94,6613.31,6676.12
2014-05-14,6693.08,6726.36,6688.42,6701.13
2014-05-15,6717.31,6776.56,6656.42,6659.23
2014-05-16,6615.85,6616.66,6577.9,6610.94
2014-05-19,6553.29,6677.48,6552.98,6644.07
2014-05-20,6674.42,6787.42,6639.42,6751.41
2014-05-21,6756.62,6808.06,6730.71,6767.52
2014-05-22,6792.22,6815.05,6736.11,6789.03
2014-05-23,6737.67,6781.92,6710.33,6770.3
2014-05-26,6779.78,6818.83,6729.23,6814.62
2014-05-27,6830.82,6863.93,6751.12,6799.34
2014-05-28,6814.3,6977.17,6810.6,6962.11
2014-05-29,6931.93,6955.37,6851.71,6859.14
2014-05-30,6839.03,6886.67,6768.75,6874.58
2014-06-02,6880.25,6944.84,6878.24,6911.11
2014-06-03,6907.96,7024.7,6874.05,6988.96
2014-06-04,6993.93,7050.07,6989.61,7012.65
2014-06-05,7020.33,7030.3,6948.31,6960.5
2014-06-06,6992.94,7136.21,6963.84,7123.33
2014-06-09,7164.71,7279.93,7152.33,7251.65
2014-06-10,7248.84,7293.52,7212.25,7214.54
2014-06-11,7287.29,7324.7,7236.79,7280.35
2014-06-12,7298.71,7306.57,7208.24,7277.87
2014-06-13,7222.91,7378.65,7136.08,7375.35
2014-06-16,7406.07,7448.6,7012.51,7065.66
2014-06-17,7051.97,7119.26,7024.6,7061.46
2014-06-18,7061,7115.85,6837.79,6913.46
2014-06-19,6915.46,7033.76,6876.01,6979.02
2014-06-20,7000.53,7104.86,6992.02,7040.77
2014-06-23,7005.79,7135.7,6987.85,7123.02
2014-06-24,7115.69,7173.02,7079.44,7149.43
2014-06-25,7179.59,7192.58,7110.02,7142.74
2014-06-26,7124.66,7155.41,6957.35,7013.52
2014-06-27,7047.84,7156.62,7039.58,7110.32
2014-06-30,7139.75,7168.01,7064.19,7104.01
2014-07-01,7097.92,7113.61,7082.64,7084.97
2014-07-02,7045.41,7106.44,7012.5,7099.44
2014-07-03,7129.1,7209.63,6955.17,6963.96
2014-07-04,6984.48,6992.78,6940.54,6954.15
2014-07-07,6916.86,6994.5,6912.94,6963.65
2014-07-08,7006.98,7050.13,6933.24,6971.42
2014-07-09,6932.04,7030.46,6927.9,7001.18
2014-07-10,7012.55,7038.95,6935.28,6946.13
2014-07-11,6922.79,6986.3,6815.83,6890.41
2014-07-14,6876.86,6951.27,6850.88,6941.59
2014-07-15,6995.79,7025.59,6943.66,6949.78
2014-07-16,6931.21,7087.15,6914.39,7043.58
2014-07-17,7028.12,7035.55,6977.42,7029.16
2014-07-18,7035.48,7046.52,6987.47,7017.44
2014-07-21,7009.69,7055.36,6964.14,6991.67
2014-07-22,6986.65,6999.91,6906.36,6923.17
2014-07-23,6913.31,7073.57,6909.96,7073.46
2014-07-24,7078.05,7142.55,7041.56,7126.88
2014-07-25,7140.26,7159.43,6960.51,6977.33
2014-07-28,7062.57,7127.8,6884.64,6924.15
2014-07-29,6946.16,7009.68,6902.62,6999.57
2014-07-30,6978.37,7113.61,6967.05,7061.54
2014-07-31,7057.79,7163.33,7053.32,7153.06
2014-08-01,7166.93,7229.75,7127.83,7223.92
2014-08-04,7184.6,7315.44,7157.54,7294.26
2014-08-05,7316.88,7329.29,7282.87,7283.49
2014-08-06,7297.92,7359.81,7272.21,7357.21
2014-08-07,7337.07,7510.52,7335.52,7466.09
2014-08-08,7478.55,7491.69,7446.65,7484.74
2014-08-11,7477.35,7501.22,7231.12,7314.53
2014-08-12,7353.23,7375.11,7243.14,7273.07
2014-08-13,7275.26,7296.5,7191.15,7210.86
2014-08-14,7192.8,7281.41,7164.98,7278.68
2014-08-15,7250.4,7335.23,7243.57,7296.64
2014-08-18,7280.63,7413.2,7248.89,7390.67
2014-08-19,7379.81,7421.05,7234.3,7348.39
2014-08-20,7419.88,7441.87,7190.54,7229.82
2014-08-21,7206.48,7319.29,7170.36,7255.37
2014-08-22,7303.79,7326.86,6948.16,6990.48
2014-08-25,7022.77,7031.6,6993.09,7019.12
2014-08-26,7001.61,7136.43,6957.25,7084.4
2014-08-27,7076.67,7122.81,7043.67,7059.97
2014-08-28,7038.95,7044.72,7016.41,7022.48
2014-08-29,7002.91,7218.78,6971.71,7182.06
2014-09-01,7246.35,7246.95,7091.56,7154.57
2014-09-02,7170.09,7224.3,7045.95,7111.03
2014-09-03,7167.02,7215.66,7033.74,7068.51
2014-09-04,7058.48,7094.7,7002.01,7035.2
2014-09-05,7017.44,7024.74,6975.32,6988.81
2014-09-08,6968.05,7129.48,6936.67,7129.46
2014-09-09,7123.15,7142.19,7088.69,7133.64
2014-09-10,7163.8,7226.81,7115.5,7222.21
2014-09-11,7218.55,7257.85,6953.62,6987.18
2014-09-12,6999.52,7040.32,6961.02,6980.83
2014-09-15,6990.76,7094.82,6944.61,7024.37
2014-09-16,7003.2,7082.61,6983.53,7046.37
2014-09-17,7106.81,7166.3,7052.59,7138.71
2014-09-18,7081.37,7209.39,7064.67,7163.36
2014-09-19,7154.73,7271.71,7143.71,7212.84
2014-09-22,7212.04,7318.69,7139.76,7271.05
2014-09-23,7275.94,7308.84,7213.77,7226.85
2014-09-24,7200.82,7260.58,7150.74,7253.8
2014-09-25,7274.64,7383.65,7224.96,7357.2
2014-09-26,7305.09,7351.6,7302.37,7321.24
2014-09-29,7222.34,7309.33,7201.17,7302.09
2014-09-30,7259.24,7412.66,7253.53,7379.99
2014-10-01,7340.99,7411.45,7287.97,7393.16
2014-10-02,7386.4,7483.98,7339.88,7439.52
2014-10-03,7426.21,7434.97,7286.84,7354.72
2014-10-06,7361.37,7378.27,7272.99,7300.25
2014-10-07,7258.32,7316.77,7253.99,7271.46
2014-10-08,7217.83,7339.71,7203.68,7322.86
2014-10-09,7342.4,7366.48,7245.95,7268
2014-10-10,7239.41,7254.92,7187.51,7224.92
2014-10-13,7207.13,7234.65,7179.89,7200.81
2014-10-14,7222.22,7272.47,7221.73,7269.55
2014-10-15,7294.88,7383.16,7293.41,7347.07
2014-10-16,7347.43,7365.87,7038.85,7083.78
2014-10-17,7069.95,7167.61,7065.64,7159.06
2014-10-20,7139.45,7159.52,6877.78,6930.72
2014-10-21,6882.95,7088.75,6860.5,7066.06
2014-10-22,7140.07,7140.38,7106.67,7115
2014-10-23,7138.46,7204.16,7121.14,7144.11
2014-10-24,7103.96,7143.37,6873.18,6924.49
2014-10-27,6909.71,7014.5,6893.15,6998.93
2014-10-28,7010.54,7215.18,6950.45,7172.78
2014-10-29,7174.75,7309.85,7171.62,7286.11
2014-10-30,7289.44,7455.53,7279.08,7434.46
2014-10-31,7468.19,7487.99,7394.48,7405.11
2014-11-03,7357.48,7534.59,7314.89,7480.87
2014-11-04,7537.72,7636.22,7453.92,7572.83
2014-11-05,7517.07,7525.81,7493.63,7517.55
2014-11-06,7505.65,7646.14,7473.34,7623.94
2014-11-07,7557.71,7699.19,7491.73,7670.53
2014-11-10,7668.99,7736.99,7653.06,7714.94
2014-11-11,7710.86,7789.29,7687.03,7754.11
2014-11-12,7732.33,7920.06,7705.38,7870.64
2014-11-13,7875.54,7913.67,7778.8,7898.88
2014-11-14,7861.47,7891.42,7737.82,7756.1
2014-11-17,7717.3,7811.18,7692.12,7791.39
2014-11-18,7788.63,7833.38,7755.74,7821.57
2014-11-19,7794.12,7803.82,7644.48,7648.48
2014-11-20,7648.22,7676.56,7538.44,7549.96
2014-11-21,7572.92,7688.01,7563.64,7649.94
2014-11-24,7686.73,7701.13,7652.59,7680.18
2014-11-25,7620.99,7721.61,7527.13,7697.67
2014-11-26,7728.73,7988.37,7697.27,7923.67
2014-11-27,7944.84,8013.52,7944.29,7995.37
2014-11-28,7987.15,8053.24,7950.82,8045.74
2014-12-01,8097.09,8128.36,8002.56,8024.05
2014-12-02,7975.95,8081.99,7945.6,8040.18
2014-12-03,8007.35,8113.67,8000.56,8078.28
2014-12-04,8070.19,8087.21,7766.24,7795.65
2014-12-05,7843.46,7934.13,7841.38,7889.52
2014-12-08,7888.75,7936.97,7851.98,7908.41
2014-12-09,7922.1,8073.12,7873.51,8004.12
2014-12-10,8021.16,8021.42,7922.85,7980.59
2014-12-11,7981.56,8083.17,7977.42,8068.79
2014-12-12,8123.91,8196.86,7988.62,7996.31
2014-12-15,7940.46,8184.3,7938.97,8164.17
2014-12-16,8200.93,8257.26,8040.69,8068.05
2014-12-17,8077.4,8078.18,7978.2,8033.33
2014-12-18,8022.83,8065.16,7907.17,7920.12
2014-12-19,7919.36,7926.48,7783.75,7810.34
2014-12-22,7841.84,7856.61,7775.84,7832.66
2014-12-23,7801.2,7851.57,7770.75,7803.95
2014-12-24,7785.55,7791.68,7757.96,7786.16
2014-12-25,7801.1,7926.47,7784.32,7838.85
2014-12-26,7819.03,7878.78,7800.52,7829.97
2014-12-29,7801.89,7937.68,7750.13,7933.31
2014-12-30,7937.6,7969.03,7842.51,7854.97
2014-12-31,7872.25,7980.76,7788.58,7835.75
2015-01-01,7800.53,8046.84,7785.32,8036.32
2015-01-02,8049.12,8088.36,7891.62,7938.9
2015-01-05,7885.11,8237.09,7796.67,8202.24
2015-01-06,8221.28,8223,8129.18,8165.54
2015-01-07,8164.7,8189.15,8040.93,8045.78
2015-01-08,8078.74,8114.61,7826.52,7831.75
2015-01-09,7833.87,7862.92,7800.58,7812.28
2015-01-12,7860.99,7861.32,7778.1,7813.95
2015-01-13,7803.81,7806.67,7784.22,7793.86
2015-01-14,7790.85,7815.05,7689.39,7712.23
2015-01-15,7785.37,7947.9,7784.2,7925.65
2015-01-16,7922.72,7962.49,7612.53,7633.82
2015-01-19,7626.62,7642.29,7526.32,7547.7
2015-01-20,7556.79,7569.11,7414.84,7420.65
2015-01-21,7408.44,7484.5,7117.78,7215.94
2015-01-22,7246.22,7333.32,7210.92,7307.67
2015-01-23,7294.27,7319.95,7141.21,7142.81
2015-01-26,7139.76,7202.63,7128.17,7185.4
2015-01-27,7237.56,7342.38,7237.55,7294.51
2015-01-28,7299.92,7520.06,7257.43,7496.68
2015-01-29,7509.59,7705.27,7458.4,7632.43
2015-01-30,7642.01,7804.79,7632.43,7742.3
2015-02-02,7718.88,7955.04,7667.81,7868.56
2015-02-03,7885.89,7921.77,7698.1,7723.22
2015-02-04,7688.86,7864.26,7684.42,7857.74
2015-02-05,7888.95,7934.14,7613.45,7664.96
2015-02-06,7689.27,7923.18,7651.51,7896.91
2015-02-09,7948.1,7981.79,7880.87,7981.38
2015-02-10,7939.49,8073.3,7843.79,8060.5
2015-02-11,8136.98,8146.78,7897,7927.28
2015-02-12,7860.82,8080.21,7834.97,8055.57
2015-02-13,8056.04,8096.57,7912.1,7999.94
2015-02-16,7947.72,8003.1,7838.57,7849.79
2015-02-17,7914.95,8002.64,7911.02,7943.59
2015-02-18,7901.59,8020.12,7883.1,7918.25
2015-02-19,7888.86,8184.19,7870.48,8157.1
2015-02-20,8131.53,8238.31,8117.3,8229.1
2015-02-23,8253.21,8304.61,8169.56,8206.06
2015-02-24,8177.73,8309.45,8147.71,8285.77
2015-02-25,8305.76,8331.06,8224.8,8227.72
2015-02-26,8227.54,8237.52,7906.63,7916.02
2015-02-27,7904.29,7981.82,7859.09,7971.25
2015-03-02,7976.72,8019.76,7880.9,7993.89
2015-03-03,8013.58,8080.7,7847.48,7859.04
2015-03-04,7888,8087.88,7832.31,8040.39
2015-03-05,8004.1,8222.87,7953.09,8202.32
2015-03-06,8257.87,8292.26,8005.99,8006.93
2015-03-09,7988.53,8162.72,7977.68,8127.7
2015-03-10,8128.75,8206.41,7955.85,7968.31
2015-03-11,7958.36,8023.18,7909.79,8019.66
2015-03-12,8073.87,8206.62,7974.14,8160.24
2015-03-13,8176.91,8345.84,8163.15,8316.51
2015-03-16,8296.99,8326.92,8082.96,8084.97
2015-03-17,8059.12,8089.9,7924.72,7950.68
2015-03-18,7999.9,8051.68,7868.26,7915.83
2015-03-19,7939.39,7975.2,7897.13,7914.6
2015-03-20,7847.57,7865.12,7825.98,7852.48
2015-03-23,7882.91,8017.26,7863.78,7980.38
2015-03-24,7959.2,8146.15,7947.87,8092.07
2015-03-25,8156.3,8207.24,8049.42,8174.38
2015-03-26,8173.59,8286.06,8149.53,8264.09
2015-03-27,8257.79,8407.91,8222.35,8379.11
2015-03-30,8354.62,8398.97,8217.38,8275.04
2015-03-31,8197.25,8403.43,8188.31,8361.9
2015-04-01,8330.02,8477.58,8239.88,8459.98
2015-04-02,8478.31,8509.49,8354.85,8395.03
2015-04-03,8408.76,8439.2,8123.07,8159.42
2015-04-06,8123.39,8225.1,8117.87,8174.05
2015-04-07,8227.6,8331.15,8192.08,8308.58
2015-04-08,8308.78,8323.34,8251.69,8320.3
2015-04-09,8303.14,8347.62,8189.13,8211.21
2015-04-10,8137.97,8344.32,8091.57,8252.3
2015-04-13,8257.46,8285.8,8109.12,8165.89
2015-04-14,8133.46,8137.03,7854.59,7888.1
2015-04-15,7901.52,8020.9,7850.48,8016.37
2015-04-16,8015.29,8183.47,7985.54,8150.18
2015-04-17,8124.73,8149.92,8064.28,8124.68
2015-04-20,8141.65,8197.2,8109.99,8113
2015-04-21,8122.98,8172.48,8019.51,8058.69
2015-04-22,8071.96,8168.65,8044.68,8130.94
2015-04-23,8150.59,8162.74,7986.94,8001.45
2015-04-24,8020.77,8021,7881.45,7905.71
2015-04-27,7969.71,7997.95,7471.57,7607.64
2015-04-28,7643.44,7655.47,7628.4,7647.45
2015-04-29,7596.94,7734.65,7568.92,7715.36
2015-04-30,7747.31,7911.88,7733.57,7865.02
2015-05-01,7835.08,7951.41,7817.05,7944.31
2015-05-04,7904.55,8274.5,7874.43,8227.94
2015-05-05,8175.97,8198.04,8104.54,8107.99
2015-05-06,8115.66,8194.56,8043.55,8131.08
2015-05-07,8156.1,8328.66,8092.29,8250.42
2015-05-08,8257.96,8320.32,8175.92,8182.87
2015-05-11,8107.49,8121.59,8064.89,8118.55
2015-05-12,8097.71,8170.9,8029.98,8107.33
2015-05-13,8090.68,8257.32,8030.41,8241.92
2015-05-14,8236.48,8315.54,8195.35,8294.48
2015-05-15,8325.28,8422.61,8083.57,8102.74
2015-05-18,8097.95,8138.37,7841.28,7861.55
2015-05-19,7830.55,7830.89,7787.11,7806.32
2015-05-20,7763.24,8051.68,7758.31,8042.27
2015-05-21,8060.82,8386.79,8047.02,8357.33
2015-05-22,8366,8536.77,8361.23,8514.61
2015-05-25,8514.17,8545.02,8248.75,8277.72
2015-05-26,8208.54,8226.1,8122.02,8132.15
2015-05-27,8131.73,8164.27,8102.05,8153.17
2015-05-28,8080.04,8120.23,7968.8,8065.68
2015-05-29,8038.87,8236.17,8015.11,8235.23
2015-06-01,8260.37,8284.5,7984.69,8018.71
2015-06-02,7994.13,8094.93,7994.05,8069.39
2015-06-03,8094.03,8263.35,8090.02,8257.59
2015-06-04,8270.16,8288.17,8175.56,8178.66
2015-06-05,8180.53,8186.88,7891.69,7933.1
2015-06-08,7920.39,8080.42,7894.62,8022.16
2015-06-09,8028.98,8113.57,7875.3,7889.17
2015-06-10,7878.03,7990.33,7843.04,7956.74
2015-06-11,7995.97,7999.35,7965.29,7979.53
2015-06-12,7975.42,8020.97,7781.07,7826.19
2015-06-15,7798.47,7831.19,7755.59,7813.34
2015-06-16,7795.36,7866.86,7792.47,7863.43
2015-06-17,7860.86,7872.28,7627.02,7640.57
2015-06-18,7614.28,7712.88,7605.78,7651.05
2015-06-19,7691.28,7695.87,7588.89,7604.83
2015-06-22,7636.75,7928.8,7589.45,7903.08
2015-06-23,7890.22,7896.26,7772.47,7784.24
2015-06-24,7784.5,7876.14,7756.43,7865.64
2015-06-25,7857.96,8006.83,7847.93,7948.85
2015-06-26,7913.5,8200.12,7864.84,8151.91
2015-06-29,8158.36,8165.62,8015.2,8022.26
2015-06-30,8052.97,8099.98,7952.76,8019.06
2015-07-01,7998.64,8111.61,7576.12,7716.11
2015-07-02,7726.14,7906.09,7685.39,7866.33
2015-07-03,7875.25,7956.6,7848.75,7925.24
2015-07-06,7891.34,8052.65,7863.16,8001.89
2015-07-07,7995.55,8258.77,7977.51,8249.94
2015-07-08,8309.53,8400.64,7930.88,7944.49
2015-07-09,7909.35,7978.52,7872.41,7948.89
2015-07-10,7976.56,8044.55,7959.32,8008.24
2015-07-13,7990.14,8212.2,7983,8148.47
2015-07-14,8134.89,8142.76,7795.13,7837.93
2015-07-15,7890.05,7920.47,7592.21,7650.81
2015-07-16,7689.36,7911.37,7680.63,7895.99
2015-07-17,7898.22,8091.02,7881.83,7983.77
2015-07-20,7952.42,8008.47,7941.45,7960.97
2015-07-21,7926.26,8196.06,7919.33,8176.93
2015-07-22,8142.31,8154.52,8126.58,8137.85
2015-07-23,8200.61,8320.97,8120.8,8318.08
2015-07-24,8354.53,8423.99,8209.04,8248.49
2015-07-27,8294.44,8334.88,8138.62,8176.17
2015-07-28,8199.79,8271.59,8173.89,8257.7
2015-07-29,8262.83,8457.85,8225.05,8434.61
2015-07-30,8437.59,8478,8307.53,8391.62
2015-07-31,8418.21,8462.01,8378.44,8429.24
2015-08-03,8419.45,8424.94,8306.08,8312.3
2015-08-04,8400.74,8425.01,8096.76,8177.02
2015-08-05,8150.48,8238.47,8087.77,8226.14
2015-08-06,8206.63,8346.65,8199.47,8253.27
2015-08-07,8274.09,8286.35,8039.87,8116.7
2015-08-10,8110.27,8116.57,8078.33,8095.45
2015-08-11,8088.9,8142.41,8072.81,8131.06
2015-08-12,8110.85,8139.24,7980.07,8014.83
2015-08-13,7990.42,8013.02,7970.11,7975.41
2015-08-14,7965.53,7970.59,7899.44,7903.81
2015-08-17,7847.55,8044,7825.09,8030.36
2015-08-18,8010.51,8295.12,7976.74,8195.9
2015-08-19,8180.33,8339.23,8163.46,8309.75
2015-08-20,8261.99,8277.32,8074.98,8093.87
2015-08-21,8119.34,8198.93,8111.77,8194.26
2015-08-24,8175.21,8195.85,8164.36,8193.35
2015-08-25,8164.35,8174.31,8111.07,8119.64
2015-08-26,8121.43,8129.83,8078.86,8080.29
2015-08-27,8126.24,8171.36,8074.43,8131.1
2015-08-28,8139.91,8189.81,8107.3,8169.61
2015-08-31,8181.79,8423,8156.9,8358.33
2015-09-01,8387.61,8471.45,8374.82,8380.51
2015-09-02,8308.6,8500.88,8290.76,8464.8
2015-09-03,8526.46,8583.03,8506.84,8548.87
2015-09-04,8573.69,8697.35,8514.06,8673.03
2015-09-07,8733.54,8763.58,8713.46,8756.8
2015-09-08,8719.94,8921.44,8717.14,8878.38
2015-09-09,8860.83,8889.79,8431.14,8434.36
2015-09-10,8390.04,8470.74,8372.66,8465.16
2015-09-11,8404.47,8405.25,8286.39,8335.53
2015-09-14,8314.35,8344.62,8281.65,8316.06
2015-09-15,8326.43,8384.74,8306.24,8376.97
2015-09-16,8363.55,8593.45,8312.32,8557.6
2015-09-17,8569.78,8585.76,8557.56,8577.38
2015-09-18,8566.81,8684.68,8507.65,8549.11
2015-09-21,8530.98,8861.47,8509.98,8836.29
2015-09-22,8805.62,8892.42,8596.13,8646.53
2015-09-23,8617.21,8684.24,8457.28,8458.4
2015-09-24,8423.04,8579.05,8397.37,8571.79
2015-09-25,8524.63,8575.23,8468.21,8554.42
2015-09-28,8596.66,8690.72,8530.77,8542.65
2015-09-29,8572.73,8622.95,8490.11,8519.8
2015-09-30,8552.74,8577.59,8529.61,8556.05
2015-10-01,8562.82,8643.23,8408.84,8424.67
2015-10-02,8393.78,8650.16,8366.73,8548.36
2015-10-05,8579.77,8598.36,8380.53,8425.34
2015-10-06,8442.49,8464.82,8428.94,8455.59
2015-10-07,8408.66,8428.81,8138.17,8176.55
2015-10-08,8179.51,8193.31,7902.75,7923.02
2015-10-09,7905.01,8012.85,7826.11,8009.24
2015-10-12,7976.11,8015.74,7918.4,7930.65
2015-10-13,7910.35,7938.97,7821.94,7840.08
2015-10-14,7815.17,7916.08,7776.41,7893.3
2015-10-15,7885.06,8066.72,7872.78,8045.13
2015-10-16,7996.93,8056.02,7871.7,7911
2015-10-19,7960.2,8005.85,7723.56,7815.96
2015-10-20,7823.62,8066.35,7794.52,8032.59
2015-10-21,7988.48,8016.97,7737.52,7765.58
2015-10-22,7808.31,7830.85,7594.32,7609.84
2015-10-23,7514.83,7599.42,7462.38,7576.21
2015-10-26,7536.47,7550.55,7395.77,7409.55
2015-10-27,7410.4,7412.53,7281.63,7339.6
2015-10-28,7340.99,7497.47,7332.88,7475.69
2015-10-29,7451.99,7474.92,7291.33,7347.22
2015-10-30,7366.27,7374.02,7348.63,7359.79
2015-11-02,7307.48,7458.29,7290.3,7423.73
2015-11-03,7414.86,7474.57,7248.76,7299.83
2015-11-04,7358.83,7396.37,7099.05,7101.87
2015-11-05,7091.2,7174.25,7059.23,7162.42
2015-11-06,7199.07,7379.94,7167.69,7346.63
2015-11-09,7364.07,7392.41,7098.71,7104.59
2015-11-10,7077.88,7187.85,7059.76,7166.83
2015-11-11,7190.44,7237.68,7163.09,7177.2
2015-11-12,7169.39,7172.58,7087.61,7111.02
2015-11-13,7121.59,7301.95,7103.77,7278.82
2015-11-16,7288.9,7337.2,7277.81,7331.96
2015-11-17,7306.84,7388.39,7293.83,7360.19
2015-11-18,7305.93,7361.87,7280.59,7339.2
2015-11-19,7338.55,7349.01,7177.87,7214.28
2015-11-20,7227.83,7345.53,7227.77,7330.98
2015-11-23,7287.36,7324.81,7197.77,7241.05
2015-11-24,7173.45,7193.7,7066.4,7085.68
2015-11-25,7073.13,7250.16,7059.62,7234.88
2015-11-26,7217.95,7255.36,7174.51,7190.72
2015-11-27,7205.96,7255.96,7137.01,7246.03
2015-11-30,7188.49,7284.19,7176.67,7251.73
2015-12-01,7255.63,7256.64,7118.43,7131.28
2015-12-02,7044.64,7215.67,6988.6,7114.69
2015-12-03,7104.34,7147.92,7049.27,7056.83
2015-12-04,7069.84,7080.23,6810.55,6842.68
2015-12-07,6885.12,6926,6720.14,6734.04
2015-12-08,6702.86,6739.79,6660.34,6670.74
2015-12-09,6711.7,6743.1,6561.47,6602.54
2015-12-10,6582.2,6721.48,6535.24,6688.69
2015-12-11,6663.29,6839.27,6651.85,6816.12
2015-12-14,6802.68,6804.86,6649.23,6658.82
2015-12-15,6654.39,6748.09,6615.77,6736.91
2015-12-16,6712.18,6767.52,6647.74,6659.48
2015-12-17,6673.78,6710.23,6656.76,6690.42
2015-12-18,6712.14,6726.81,6608.99,6624.72
2015-12-21,6638.98,6647.41,6383.19,6399.6
2015-12-22,6400.66,6622.6,6381.85,6604.42
2015-12-23,6626.99,6711.76,6612.06,6670.94
2015-12-24,6671.77,6677.34,6524.62,6551.52
2015-12-25,6533.82,6711.24,6519.47,6652.48
2015-12-28,6701.21,6737.61,6659.81,6671.84
2015-12-29,6645.07,6681.57,6614.63,6632.3
2015-12-30,6651.9,6783.86,6611.03,6720.08
2015-12-31,6732.85,6794.86,6705.9,6751.4
2016-01-01,6772.27,6925.13,6759.79,6886.65
2016-01-04,6904.39,6931.27,6808.07,6824.85
2016-01-05,6800.59,7001.46,6772.84,6991.04
2016-01-06,7043.65,7047.77,6851.05,6886.28
2016-01-07,6901,6903.35,6764.47,6793.63
2016-01-08,6786.66,6832.48,6619.87,6622.6
2016-01-11,6619,6633.15,6539.74,6544.1
2016-01-12,6540.75,6579.88,6423.2,6469.42
2016-01-13,6486.1,6608.61,6484.57,6590.75
2016-01-14,6601.03,6695.23,6579.16,6609.32
2016-01-15,6563.66,6660.9,6518.27,6605.52
2016-01-18,6643.14,6656.31,6465.8,6502.6
2016-01-19,6497.11,6593.48,6489.07,6574.46
2016-01-20,6550.15,6643.94,6532.59,6636.68
2016-01-21,6602.6,6619.72,6407.11,6443.87
2016-01-22,6409.17,6421.15,6321.81,6333.62
2016-01-25,6317.47,6479.43,6287.74,6448.96
2016-01-26,6450.97,6461.67,6432.42,6432.61
2016-01-27,6418.43,6599.98,6405.45,6571.13
2016-01-28,6544.5,6726.99,6523.57,6704.87
2016-01-29,6705.29,6715.54,6653.85,6681.35
2016-02-01,6671.27,6742.01,6650.6,6699.21
2016-02-02,6729.06,6853.38,6698.81,6838.81
2016-02-03,6818.16,6835.72,6731.11,6796.08
2016-02-04,6827.58,6896.38,6820.25,6867.53
2016-02-05,6885.4,6929.15,6824.68,6852.96
2016-02-08,6837.44,7014.79,6818.75,7006.12
2016-02-09,7041.45,7063.24,7019.55,7043.83
2016-02-10,7041.13,7073.46,7011.32,7014.82
2016-02-11,7043.35,7058.79,6918.22,6965.1
2016-02-12,6955.68,7017.05,6906.78,6973.83
2016-02-15,7002.77,7086.05,6956.7,7067.3
2016-02-16,7080.55,7183.51,7068.75,7085.79
2016-02-17,7084.98,7118.73,7079.9,7101.31
2016-02-18,7100.35,7170.9,7078.81,7148.73
2016-02-19,7131.75,7276.22,7111.03,7213.78
2016-02-22,7219.92,7241.97,7219.6,7232.94
2016-02-23,7289.26,7318.2,7176.96,7262.44
2016-02-24,7275.04,7325.08,7187.94,7213.79
2016-02-25,7219.95,7369.5,7216.7,7346.77
2016-02-26,7352.76,7380.98,7011.11,7072.13
2016-02-29,7105.42,7188.29,7083.42,7117.6
2016-03-01,7131.97,7149.13,7072.35,7087
2016-03-02,7138.56,7164.48,7099.28,7128.4
2016-03-03,7121.71,7133.24,6995.03,7020.75
2016-03-04,7015.8,7156.62,6998.74,7156.22
2016-03-07,7138.11,7148.54,7118.4,7124.62
2016-03-08,7153.04,7182.48,6998.52,7010.2
2016-03-09,7026.11,7100.75,6978.03,6989.88
2016-03-10,6988.68,6997.1,6894.35,6908.9
2016-03-11,6926.6,7042.29,6892.5,7014.81
2016-03-14,7004.93,7141.18,6977.72,7072
2016-03-15,7110.33,7116.39,7084.03,7097.54
2016-03-16,7050.92,7061.63,6989.72,7009.81
2016-03-17,7012.71,7050.11,6859.2,6921.65
2016-03-18,6928.66,7042.31,6859.27,6971.87
2016-03-21,6987.14,7026.97,6895.92,6914.99
2016-03-22,6891.15,6897.55,6783.86,6806.25
2016-03-23,6775.14,6834.61,6738.76,6833.76
2016-03-24,6841.19,6881.29,6807.94,6875.25
2016-03-25,6886.86,7046.91,6841.99,7013.81
2016-03-28,6985.79,7126.44,6929.11,7116.06
2016-03-29,7079.42,7175.94,6986.34,7016.94
2016-03-30,7014.12,7209.62,7013.43,7150.9
2016-03-31,7161.31,7374.37,7129.45,7362.42
2016-04-01,7384.12,7424.02,7334.17,7338.01
2016-04-04,7353.33,7364.66,7256.94,7297.15
2016-04-05,7326.84,7378.21,7143.13,7158.32
2016-04-06,7164.27,7186.84,7049.92,7134.78
2016-04-07,7101.13,7211.36,7096.49,7190.18
2016-04-08,7212.42,7291.84,7168.02,7273.55
2016-04-11,7243.57,7365.64,7241.87,7332.69
2016-04-12,7349.36,7403.85,7310.03,7334.5
2016-04-13,7325.99,7437.07,7318.58,7379.35
2016-04-14,7394.37,7485.36,7355.01,7459.78
2016-04-15,7422.37,7636.2,7418.57,7627.24
2016-04-18,7572.07,7622.45,7539.01,7556.29
2016-04-19,7495.68,7631.87,7483.58,7589.53
2016-04-20,7600.47,7672.96,7519.37,7534.42
2016-04-21,7584.31,7793.98,7546.34,7746.99
2016-04-22,7754.33,7808.93,7736.01,7803.22
2016-04-25,7751.85,7793.54,7730.12,7782.23
2016-04-26,7813.13,7837.1,7702.97,7719.27
2016-04-27,7731.69,7781.97,7690.8,7757.69
2016-04-28,7788.4,7809.12,7703.37,7713.95
2016-04-29,7693.2,7799,7669.46,7785.97
2016-05-02,7804.59,7839.65,7648.55,7694.42
2016-05-03,7684.57,7703.18,7667.59,7670.83
2016-05-04,7650.82,7680.27,7500.21,7534.59
2016-05-05,7535.37,7547.14,7433.1,7451.14
2016-05-06,7427.37,7430.07,7347.05,7401.42
2016-05-09,7415.38,7455.52,7379.62,7417.99
2016-05-10,7382.05,7421.75,7363.86,7387.98
2016-05-11,7409.84,7417.3,7293.44,7326.88
2016-05-12,7342.48,7352.91,7288.14,7332.11
2016-05-13,7311.99,7326,7198.22,7272.68
2016-05-16,7222.66,7331.71,7222.26,7319.63
2016-05-17,7372.82,7376.7,7328.25,7356
2016-05-18,7349.8,7370.14,7341.89,7364.75
2016-05-19,7359.71,7436.16,7340.69,7393.49
2016-05-20,7368.9,7423.71,7235.37,7239.91
2016-05-23,7227.06,7400.05,7212.31,7382.35
2016-05-24,7383.81,7553.43,7362.64,7493.8
2016-05-25,7535.45,7535.9,7348.52,7353.27
2016-05-26,7350.34,7370.44,7056.41,7132.35
2016-05-27,7107.14,7257.04,7078.09,7253.94
2016-05-30,7264.22,7360.67,7258.71,7347.15
2016-05-31,7290.53,7420.4,7246.03,7406.32
2016-06-01,7390.9,7426.17,7267.12,7297.37
2016-06-02,7293.83,7427.65,7274.21,7393.13
2016-06-03,7397.61,7517.42,7392.95,7458.49
2016-06-06,7418.42,7524.39,7367.17,7502.2
2016-06-07,7540.09,7576.49,7483.8,7521.19
2016-06-08,7542.34,7604.44,7496.37,7566.11
2016-06-09,7578.91,7700.84,7574.91,7682.37
2016-06-10,7711.12,7746.51,7665.94,7708.94
2016-06-13,7707.36,7770.98,7645.41,7676.47
2016-06-14,7644.57,7719.39,7617.39,7710.23
2016-06-15,7746.66,7852.81,7659.92,7784.85
2016-06-16,7782.68,7869.82,7732.75,7829.64
2016-06-17,7875.03,7900.37,7818.45,7847.37
2016-06-20,7858.76,7880.8,7814.63,7836.02
2016-06-21,7827.59,7838.01,7778.99,7814.91
2016-06-22,7771.34,7904.58,7769.01,7880.16
2016-06-23,7916.04,7950.89,7704.82,7710.75
2016-06-24,7704.37,7804.66,7652.58,7788.08
2016-06-27,7837.2,7850.66,7764.42,7780.08
2016-06-28,7798.75,7813.83,7688.66,7775.94
2016-06-29,7740.78,7925.17,7667.03,7903.82
2016-06-30,7924.59,7952.98,7922.32,7950.5
2016-07-01,7927.73,7976.45,7754.08,7767.94
2016-07-04,7808.15,7818.29,7646.81,7652.25
2016-07-05,7600.59,7747.73,7560.62,7714.71
2016-07-06,7667.06,7691.19,7571.65,7619.55
2016-07-07,7640.6,7795.83,7583.24,7749.41
2016-07-08,7791.41,7870.71,7760.61,7850.06
2016-07-11,7851.82,8107.91,7833.57,8037.54
2016-07-12,8009.25,8020.16,7827.31,7852.9
2016-07-13,7869.2,7887.84,7600.53,7641.16
2016-07-14,7649.84,7655.02,7537.28,7594.25
2016-07-15,7573.27,7598.61,7547.99,7585.31
2016-07-18,7591.66,7669.68,7534.59,7649.97
2016-07-19,7644.07,7729.83,7625.7,7658.3
2016-07-20,7649.34,7707.95,7565.61,7639.77
2016-07-21,7639.32,7733.67,7637.87,7702
2016-07-22,7720.25,7733.23,7590.44,7659.04
2016-07-25,7702.35,7790.16,7529.26,7545.98
2016-07-26,7526.85,7635.44,7512.65,7616.56
2016-07-27,7612.49,7635.69,7502.67,7580.72
2016-07-28,7569.83,7604.59,7385.6,7447.59
2016-07-29,7460.39,7529.58,7445.19,7508.68
2016-08-01,7556.2,7588.1,7372.95,7394.33
2016-08-02,7379.72,7416.03,7356.37,7364.29
2016-08-03,7338.83,7343.95,7237.52,7250.42
2016-08-04,7177.81,7370.51,7120.77,7356.95
2016-08-05,7376.43,7511.35,7337.88,7508.83
2016-08-08,7471.65,7515.56,7450.56,7493.36
2016-08-09,7524.58,7556.09,7481.36,7488.6
2016-08-10,7480.41,7485.32,7420.78,7431.62
2016-08-11,7416.83,7626.13,7322.64,7616.29
2016-08-12,7617.48,7639.45,7599.35,7630.86
2016-08-15,7664.24,7730.31,7658.08,7718.69
2016-08-16,7779.8,7814.4,7762.53,7772.59
2016-08-17,7746.69,7949.9,7719.23,7828.47
2016-08-18,7843.62,7900.66,7454.73,7519.41
2016-08-19,7526.85,7532.48,7344.98,7352.61
2016-08-22,7376.09,7418.92,7256.84,7260.58
2016-08-23,7261.36,7346.25,7250.73,7340.57
2016-08-24,7311.16,7413.45,7292.58,7360.62
2016-08-25,7395.5,7553.1,7367.45,7551.24
2016-08-26,7551.23,7578.62,7523.67,7567.78
2016-08-29,7545.66,7646.49,7532.18,7602.32
2016-08-30,7610.11,7719.39,7546.23,7710.86
2016-08-31,7722.8,7728.14,7630.48,7670.29
2016-09-01,7685.28,7725.36,7515.56,7547.49
2016-09-02,7469.04,7496.64,7429.65,7464.76
2016-09-05,7481.89,7497.9,7385.22,7394.67
2016-09-06,7410.97,7440.01,7231.96,7245.9
2016-09-07,7268.37,7389.83,7264.94,7344.47
2016-09-08,7379.22,7396.23,7249.12,7292.01
2016-09-09,7282.62,7383.07,7265.1,7358.64
2016-09-12,7389.18,7452.15,7375.68,7402.39
2016-09-13,7398.02,7525.27,7396.44,7509.93
2016-09-14,7512.35,7677.59,7494.44,7581.35
2016-09-15,7572.95,7602.54,7321.45,7360.58
2016-09-16,7397.46,7478.02,7365.45,7434.55
2016-09-19,7391.95,7518.66,7343.77,7509.12
2016-09-20,7504.38,7576.14,7486.84,7548.02
2016-09-21,7539.75,7544.18,7311.94,7331.67
2016-09-22,7352.94,7456.27,7340.08,7431.16
2016-09-23,7402.59,7558.68,7350.15,7524.43
2016-09-26,7505.17,7544.9,7424.09,7475.18
2016-09-27,7447.29,7760.99,7398.92,7743.36
2016-09-28,7709.63,7774.81,7659.4,7767.51
2016-09-29,7758.46,7791.6,7739.59,7780.19
2016-09-30,7843.35,7848.09,7753.95,7795.47
2016-10-03,7815.23,7838.73,7782.02,7799.77
2016-10-04,7794.15,7795.73,7553.84,7593.41
2016-10-05,7601.25,7632.21,7502.07,7517.88
2016-10-06,7508.95,7580.58,7480.69,7536.72
2016-10-07,7507.91,7565.08,7469.8,7531.35
2016-10-10,7541.04,7549.7,7504.97,7511.26
2016-10-11,7526.18,7537.85,7453.07,7463.05
2016-10-12,7445.44,7487.25,7441.28,7481.34
2016-10-13,7440.51,7531.57,7429.91,7496.19
2016-10-14,7519.35,7524.37,7497.86,7505.86
2016-10-17,7539.6,7594.41,7474.29,7534.92
2016-10-18,7552.23,7562.93,7450.15,7453.28
2016-10-19,7502.34,7546.34,7389.39,7425.38
2016-10-20,7496.44,7528.35,7356.57,7410.45
2016-10-21,7425.14,7490.03,7421.62,7443.12
2016-10-24,7389.91,7485.6,7348.79,7437.55
2016-10-25,7444.83,7551.12,7414.54,7479.83
2016-10-26,7541.1,7591.43,7496.03,7576.01
2016-10-27,7590.02,7628.78,7584.84,7619.39
2016-10-28,7626.04,7945.57,7620.99,7906.07
2016-10-31,7957.92,7967.93,7923.57,7939.13
2016-11-01,7954.25,7987.24,7914.13,7982.82
2016-11-02,7994,8090.45,7951.3,7981.98
2016-11-03,7994.71,8259.21,7943.78,8239.38
2016-11-04,8202.33,8243.34,8147.2,8147.38
2016-11-07,8212.4,8217.54,8044.39,8087.35
2016-11-08,8072.47,8078.61,7968.94,7986.94
2016-11-09,7950.78,8025.57,7883.59,8020.93
2016-11-10,8061.95,8251.53,8056.54,8229.68
2016-11-11,8260.23,8269.29,8093.83,8157.55
2016-11-14,8114.26,8238.63,8099.2,8204.01
2016-11-15,8161.84,8163.35,8143.63,8146.27
2016-11-16,8158.72,8203.56,8105.63,8105.65
2016-11-17,8131.43,8207.47,8095.8,8157.78
2016-11-18,8154.29,8191.77,8127.8,8164.39
2016-11-21,8158.88,8187.17,8109.3,8127.16
2016-11-22,8218.45,8301.52,7918.33,7940.48
2016-11-23,7946.89,8001.24,7908.59,7967.56
2016-11-24,7956.39,8003.02,7851.34,7889.58
2016-11-25,7907.14,7996.98,7891.73,7940.51
2016-11-28,7978.28,8026.71,7914.46,7918.72
2016-11-29,7915,8061.13,7864.05,8025.95
2016-11-30,8025.43,8077.11,7958.81,7981.8
2016-12-01,7995.07,8023.57,7933.08,8008.91
2016-12-02,8001.38,8132.05,7950.35,8129.74
2016-12-05,8114.64,8338.54,8079.64,8270.97
2016-12-06,8239.19,8267.9,8234.24,8244.82
2016-12-07,8194.7,8203.79,8160.69,8175.62
2016-12-08,8185.65,8200.88,7967.25,8008.23
2016-12-09,8049.87,8193.78,7979.35,8126.51
2016-12-12,8127.53,8212.75,8017.33,8043.53
2016-12-13,8040.05,8161.63,7948.27,8156.04
2016-12-14,8180.35,8193.19,8110.58,8158.47
2016-12-15,8146.39,8410.62,8094.98,8401.9
2016-12-16,8476.24,8553,8393.13,8394.88
2016-12-19,8366.88,8520.49,8310.78,8445.38
2016-12-20,8401,8421.2,8390.68,8419.4
2016-12-21,8443.37,8491.38,8253.87,8269.49
2016-12-22,8304.31,8356.81,8102.68,8166.04
2016-12-23,8170.18,8336.79,8078.54,8290.27
2016-12-26,8281.25,8323.66,8071.6,8091.66
2016-12-27,8091.47,8159.44,8061.33,8107.28
2016-12-28,8090.61,8170.36,8052.9,8140.34
2016-12-29,8198,8215.9,8099.08,8117.99
2016-12-30,8097.36,8289.49,8087.74,8232.92
2017-01-02,8301.51,8341.94,8164.6,8179.06
2017-01-03,8180.73,8550.95,8128.7,8517.28
2017-01-04,8538.64,8587.05,8535.21,8562.23
2017-01-05,8632.38,8694.2,8609.6,8676.28
2017-01-06,8703.47,8717.56,8650.52,8671.44
2017-01-09,8613.71,8735.28,8552.49,8712.22
2017-01-10,8753.02,8884.17,8734.5,8838.48
2017-01-11,8800.61,9037.51,8769.59,8989.7
2017-01-12,9007.3,9064.29,8942.45,9016.11
2017-01-13,8999.4,9159.14,8946.33,9094.16
2017-01-16,9090.52,9163.31,8973.73,9048.45
2017-01-17,9019.13,9179.22,8947.89,9158.39
2017-01-18,9112.28,9169.12,8892.11,8919.02
2017-01-19,8930.88,8938.79,8845.48,8857.03
2017-01-20,8841.86,9040.35,8823.92,8993.89
2017-01-23,9006.69,9055.97,8887.11,8935.34
2017-01-24,8970.2,9005.42,8737.69,8760.34
2017-01-25,8749.4,8790.56,8521.8,8629.04
2017-01-26,8636.58,8646.65,8555.09,8583.56
2017-01-27,8543.94,8551.26,8470.22,8476.28
2017-01-30,8473.37,8526.89,8377.67,8472.54
2017-01-31,8424.79,8641.75,8422.19,8626.7
2017-02-01,8618.8,8799.03,8608.11,8715.66
2017-02-02,8690.36,8737.65,8629.82,8737.14
2017-02-03,8733.96,8998.84,8695.73,8992.64
2017-02-06,8966.2,9006.34,8965.22,8995.63
2017-02-07,8907.44,9035.68,8901.85,9023.15
2017-02-08,9088.57,9109.22,8947.59,8948.04
2017-02-09,8938.16,9060.57,8930.27,9008.68
2017-02-10,9017.39,9120.23,9015.11,9115.72
2017-02-13,9120.02,9241.16,9081.07,9204.5
2017-02-14,9152.09,9238.03,9082.16,9214.3
2017-02-15,9257.44,9298.47,9162.75,9290.76
2017-02-16,9342.45,9412.24,9283.9,9355.81
2017-02-17,9338.96,9399.83,9017.24,9055.59
2017-02-20,9042.69,9072.42,9041.66,9056.7
2017-02-21,9047.52,9088.27,9010.66,9080.39
2017-02-22,9102.5,9270.43,9084.26,9209
2017-02-23,9199.64,9319.42,9182.09,9274.83
2017-02-24,9204.62,9233.21,8893.83,8914.69
2017-02-27,8883.93,8991.84,8871.35,8895.09
2017-02-28,8894.13,8968.25,8893.15,8923.76
2017-03-01,8937.93,8971.17,8910.8,8911.07
2017-03-02,8917.44,9192.01,8890.2,9141.53
2017-03-03,9096.75,9161.14,9080.86,9153.06
2017-03-06,9154.3,9325.26,9131.79,9315.9
2017-03-07,9289.02,9354.17,9139.83,9185.79
2017-03-08,9236.1,9285.58,9075.56,9137.77
2017-03-09,9178.29,9240.04,8912.22,8944.39
2017-03-10,8965.51,9012.94,8941.21,8954.96
2017-03-13,8886.39,9048.21,8873.39,8980.86
2017-03-14,8956.56,9239.97,8851.89,9186.68
2017-03-15,9175.21,9193.92,9106.85,9158.48
2017-03-16,9166.65,9229.25,9043.44,9123.89
2017-03-17,9128.87,9128.96,8957.52,9008.46
2017-03-20,9037.38,9111.44,8908.3,8911.51
2017-03-21,8897.15,8913.18,8828.67,8911.45
2017-03-22,9005.73,9070.77,8980.97,9069.16
2017-03-23,9094.8,9100.26,9031.27,9032.24
2017-03-24,9044.79,9168.09,9031.2,9110.3
2017-03-27,9104.01,9144.07,8982.4,9026.32
2017-03-28,9040.42,9087.24,9015.03,9020.94
2017-03-29,9068.48,9181.98,9001.85,9129.06
2017-03-30,9067.07,9378.2,9032.19,9329.07
2017-03-31,9306.19,9354.01,9104.8,9208.89
2017-04-03,9167.54,9198.13,9100.55,9103.63
2017-04-04,9134.02,9165.37,9051.48,9071.31
2017-04-05,9064.14,9116.53,9027.91,9102.56
2017-04-06,9072.22,9102.89,8719.24,8735.18
2017-04-07,8731,8885.28,8714.63,8863.49
2017-04-10,8902.59,8975.85,8834.46,8874.24
2017-04-11,8874.37,9019.09,8850.32,8929.72
2017-04-12,8900.79,8913.83,8822.01,8835.31
2017-04-13,8877.35,9053.5,8773.62,9005.69
2017-04-14,9029.58,9095.93,9027.5,9040.45
2017-04-17,9023.25,9054.91,9016.15,9020.13
2017-04-18,8949.63,8955.79,8863.54,8924.67
2017-04-19,8897.62,8917.2,8824.08,8857.3
2017-04-20,8852.54,8924.68,8771.83,8828.95
2017-04-21,8809.36,8846.8,8700.61,8704.95
2017-04-24,8707.13,8786.47,8675.73,8713.56
2017-04-25,8689.81,8810.44,8686.56,8765.62
2017-04-26,8788.5,8795.47,8728.08,8778.5
2017-04-27,8750.46,8903.09,8711.44,8852.52
2017-04-28,8878.6,8938.14,8836.29,8877.53
2017-05-01,8917.7,8972.49,8711.42,8720.04
2017-05-02,8652.78,8752.3,8626.24,8734.87
2017-05-03,8727.59,8896.57,8659.06,8890.85
2017-05-04,8845.07,8864.18,8761.2,8780.34
2017-05-05,8780.12,8906.21,8676.74,8879.89
2017-05-08,8872.99,8917.03,8716.06,8782.62
2017-05-09,8740.29,8938.52,8709.49,8826.37
2017-05-10,8857.78,8900.06,8799.34,8834.83
2017-05-11,8896.84,8926.39,8442.48,8567.13
2017-05-12,8542.47,8587.3,8514.22,8552.58
2017-05-15,8549.54,8594.96,8488.07,8492.4
2017-05-16,8460.39,8691.46,8450.93,8681.76
2017-05-17,8634.7,8638.72,8572.21,8578.74
2017-05-18,8611.21,8675.72,8589.13,8658.66
2017-05-19,8625.33,8913.72,8579.64,8822.02
2017-05-22,8833.64,9223.46,8820.12,9209.05
2017-05-23,9196.04,9319,9173.79,9279.5
2017-05-24,9209.29,9513.6,9171.47,9448.85
2017-05-25,9392,9587.96,9320.54,9571.34
2017-05-26,9514.45,9609.11,9498.95,9589.43
2017-05-29,9650.95,9725.48,9586.92,9592
2017-05-30,9551.41,9554.31,9527.69,9538.41
2017-05-31,9553.38,9603.93,9315.19,9371.63
2017-06-01,9362.98,9428.43,9190.9,9250.93
2017-06-02,9244.64,9259,9186.89,9216.75
2017-06-05,9158.61,9250.66,9133.91,9249.53
2017-06-06,9248.76,9372.45,9224.07,9301.55
2017-06-07,9346.26,9374.66,9288.56,9310.99
2017-06-08,9358.22,9461.04,9310.49,9332.35
2017-06-09,9334.55,9390.21,9063.33,9094.82
2017-06-12,9108.6,9126.14,8961.31,9063.21
2017-06-13,9035.17,9046.94,8656.84,8706.3
2017-06-14,8717.94,9059.12,8697.22,9031.93
2017-06-15,8996.38,9185.4,8957.89,9160.84
2017-06-16,9139.81,9235.69,9099.42,9198
2017-06-19,9159.6,9442.12,9121.09,9320.79
2017-06-20,9312.69,9414.84,9259.13,9368.99
2017-06-21,9454.1,9653.97,9437.75,9616.94
2017-06-22,9634.06,9731.36,9612.43,9661.95
2017-06-23,9675.18,9721.71,9597.89,9655.05
2017-06-26,9728.65,9782.22,9270,9362.83
2017-06-27,9276.59,9349.75,9221.44,9343.92
2017-06-28,9283.09,9564.84,9252.22,9491.04
2017-06-29,9477.28,9500.65,9225.01,9265.84
2017-06-30,9295.44,9300,9075.53,9143.15
2017-07-03,9094.31,9285.95,9064.66,9247.64
2017-07-04,9248.26,9417.74,9188.35,9369.69
2017-07-05,9382.72,9488.01,9378.77,9463.75
2017-07-06,9522.51,9531.08,9444.99,9460.16
2017-07-07,9445.92,9468.76,9132.62,9208.82
2017-07-10,9285.66,9340.83,9184.94,9240.54
2017-07-11,9254.54,9408.15,9242.31,9365.34
2017-07-12,9336.54,9489.06,9272.57,9476.19
2017-07-13,9466.13,9598.71,9458.97,9590.95
2017-07-14,9585.73,9602.06,9453.14,9454.03
2017-07-17,9523.26,9644.9,9336.91,9424.47
2017-07-18,9427.79,9434.81,9392.06,9398.15
2017-07-19,9421.32,9426.02,9286.39,9310.24
2017-07-20,9269.29,9289.88,9219.12,9221.81
2017-07-21,9200.07,9257.55,8905.48,8940.18
2017-07-24,8946.63,8968.34,8826.57,8862.41
2017-07-25,8855.94,8856.41,8713.08,8729.02
2017-07-26,8723.06,8729.11,8623.17,8637
2017-07-27,8591.95,8747.34,8564.97,8742.79
2017-07-28,8689.1,8972.64,8621.7,8971.18
2017-07-31,8948.48,9133.63,8926.86,9098.59
2017-08-01,9146.03,9166.04,9033.35,9066.26
2017-08-02,9027.85,9294.38,8992.63,9255.73
2017-08-03,9263.95,9298.73,9190.82,9214.08
2017-08-04,9214.52,9234.31,9134.42,9165.63
2017-08-07,9208.41,9531.89,9205.6,9461.66
2017-08-08,9500.79,9858.71,9453.56,9815.52
2017-08-09,9841.57,9887.22,9754.9,9783.28
2017-08-10,9697.88,9914.01,9657.09,9850
2017-08-11,9768.79,9817.73,9725.94,9795.07
2017-08-14,9859.65,9864.04,9759.21,9802.82
2017-08-15,9783.12,9841.33,9618.77,9645.51
2017-08-16,9692.01,9730.4,9495.07,9564.46
2017-08-17,9611.15,9783.34,9584.07,9755.9
2017-08-18,9733.57,9752.78,9645.75,9724.76
2017-08-21,9640.25,9681.21,9575.69,9620.29
2017-08-22,9611.04,9653.25,9376.46,9458.93
2017-08-23,9365.74,9533.01,9331.64,9503.45
2017-08-24,9478.91,9624.68,9450.17,9570.13
2017-08-25,9560.41,9586.85,9512.25,9570.89
2017-08-28,9537.7,9694.59,9500.22,9642.76
2017-08-29,9608.2,9671.75,9532.59,9655.85
2017-08-30,9656.09,9694.97,9408.17,9506.77
2017-08-31,9430.92,9641.1,9417.79,9613.14
2017-09-01,9636.57,9674.55,9568.72,9569.81
2017-09-04,9539.03,9706.62,9474.97,9705.86
2017-09-05,9675,9984.17,9608.91,9929.26
2017-09-06,9927.89,9957.09,9877.72,9924.65
2017-09-07,9903.32,10081.05,9871.9,10069.63
2017-09-08,9988.57,10027.12,9984,10014.15
2017-09-11,10016.19,10092.72,9941.72,10091.82
2017-09-12,10064.18,10248.27,9977.33,10138
2017-09-13,10089.82,10292.81,10054.68,10260.83
2017-09-14,10215.71,10364.22,10177.23,10355.83
2017-09-15,10438.31,10621.35,10394.61,10489.22
2017-09-18,10520.62,10776.97,10497.77,10675.13
2017-09-19,10627.4,10649.09,10290.03,10295.05
2017-09-20,10220.96,10363.36,10186.94,10313.7
2017-09-21,10359.35,10397.21,10154.38,10250.87
2017-09-22,10223.53,10387.23,10198.03,10326.55
2017-09-25,10291.45,10419.03,10281.3,10363.4
2017-09-26,10431.77,10452.08,10340.03,10361.93
2017-09-27,10392.48,10398.41,10203.15,10226.64
2017-09-28,10239.35,10262,10056.59,10150.63
2017-09-29,10203.55,10222.11,9974.12,10018.61
2017-10-02,10027.88,10064.49,9906.78,9913.67
2017-10-03,9930.41,9980.31,9851.24,9880.8
2017-10-04,9950.97,10003.75,9807.75,9854.84
2017-10-05,9913.87,10000.3,9708.43,9751.27
2017-10-06,9713.07,9745.96,9569.9,9576.16
2017-10-09,9574.15,9732.08,9548.53,9687.36
2017-10-10,9709.02,9745.74,9501.49,9585.48
2017-10-11,9638.34,9738.27,9530.67,9584.13
2017-10-12,9580.54,9731.75,9558.63,9670.47
2017-10-13,9643.12,9822,9632.66,9762.69
2017-10-16,9782.38,9865.42,9640.16,9671.87
2017-10-17,9722.92,9880.44,9719.03,9738.28
2017-10-18,9787.89,10042.3,9727.93,10014.95
2017-10-19,9954.55,10006.62,9806.74,9829.4
2017-10-20,9877.05,9877.05,9748.09,9783.39
2017-10-23,9815.25,9980.81,9735.9,9957.77
2017-10-24,9957.9,9986.08,9912.53,9966.86
2017-10-25,9910.04,10080.69,9875.69,10027.38
2017-10-26,10056.28,10066.88,10036.23,10052.6
2017-10-27,10113.35,10120.94,10069.99,10116.68
2017-10-30,10113.45,10296.89,10063.55,10290.18
2017-10-31,10315.61,10406.84,10264.05,10382.09
2017-11-01,10373.84,10446.97,10322.08,10371.32
2017-11-02,10413.27,10457.57,10301.97,10320.56
2017-11-03,10266.16,10277.6,10095.38,10125.25
2017-11-06,10102.52,10144.26,10005.86,10025.11
2017-11-07,10046.27,10110.5,9800.51,9828.41
2017-11-08,9819.69,10139.93,9776.14,9985.98
2017-11-09,10020.54,10165.63,10017.47,10140.95
2017-11-10,10129.32,10140.42,10094.84,10119.64
2017-11-13,10118.24,10446.02,10009.03,10372.62
2017-11-14,10334.98,10391.31,10264.19,10268.42
2017-11-15,10252.39,10301.41,10187.37,10293.3
2017-11-16,10256.98,10297.01,10227.35,10293.9
2017-11-17,10289.41,10445.65,10278.63,10424.49
2017-11-20,10436.98,10632.65,10427.74,10619.61
2017-11-21,10632.18,10905.43,10564.9,10746.78
2017-11-22,10778.12,10833.1,10524.14,10576.1
2017-11-23,10570.56,10588.65,10344.76,10387.69
2017-11-24,10442.71,10497.91,10414.96,10466.77
2017-11-27,10417.83,10456.94,10262.72,10278.69
2017-11-28,10289.08,10296.1,9932.63,9942.93
2017-11-29,9953.13,10311.81,9943.91,10303.48
2017-11-30,10317.45,10555.43,10184.62,10511.1
2017-12-01,10520.36,10596.55,10423.24,10456.47
2017-12-04,10410.51,10551.84,10407.06,10545.24
2017-12-05,10539.34,10588.11,10258.08,10345.54
2017-12-06,10317.57,10396.88,10258.28,10271.36
2017-12-07,10277.92,10356.41,10092.26,10187.14
2017-12-08,10199.11,10278.84,10185.87,10259.26
2017-12-11,10278.27,10353.31,10164.53,10219.12
2017-12-12,10175.45,10355.47,10159.55,10351.15
2017-12-13,10328.95,10346.92,10279.24,10291.78
2017-12-14,10402.52,10435.79,10233.29,10243.17
2017-12-15,10205.39,10267.54,10102.56,10132.62
2017-12-18,10188.12,10248.32,10186.97,10218.15
2017-12-19,10285.88,10296.13,10172.94,10209.62
2017-12-20,10247.48,10425.46,10188.43,10416.75
2017-12-21,10415.6,10471.38,10393.67,10457.68
2017-12-22,10450.82,10866.96,10447.13,10813.11
2017-12-25,10924.2,10940.24,10752.14,10767.12
2017-12-26,10723.92,10894.51,10669.97,10890.95
2017-12-27,10851.27,11049.84,10831.24,10987.12
2017-12-28,11062.2,11101.49,10942.48,11012.86
2017-12-29,11088.89,11148.14,10724.29,10818.81
2018-01-01,10851.44,10868.07,10735.99,10804.51
2018-01-02,10772.73,11211.67,10752.64,11173.77
2018-01-03,11213.41,11526.56,11206.46,11506.03
2018-01-04,11541.33,11542.17,11202.59,11283.51
2018-01-05,11364.1,11374.93,11339.4,11356.25
2018-01-08,11344.78,11415.61,11332.13,11382.77
2018-01-09,11371.73,11402.87,11303.85,11394.35
2018-01-10,11442.48,11574.83,11115.84,11159.13
2018-01-11,11212.03,11392.47,11193.25,11328.32
2018-01-12,11387.03,11449.98,11143.83,11212.24
2018-01-15,11225.23,11239.91,11140.52,11143
2018-01-16,11177.04,11208.27,10955.27,11054.27
2018-01-17,11058.41,11202.78,10973.98,11080.52
2018-01-18,11019.19,11213.79,11001.5,11090.48
2018-01-19,11059.87,11124.88,10974.08,10991.94
2018-01-22,10964.85,11179.34,10823.26,11176.6
2018-01-23,11199.18,11356.16,11165.61,11268.65
2018-01-24,11175.01,11216.69,11103.87,11114.86
2018-01-25,11184.84,11213.72,10985.52,11010.43
2018-01-26,11100.17,11181.56,10915.77,10981.06
2018-01-29,10981.89,11007.66,10611.25,10621.33
2018-01-30,10568.17,10810.26,10566.84,10730.1
2018-01-31,10736.21,10789.16,10466.96,10651.04
2018-02-01,10647.32,10838.6,10629.23,10836.83
2018-02-02,10828.37,11072.1,10781.09,10946.85
2018-02-05,10976.37,11116.3,10913.47,11080.75
2018-02-06,11124.94,11131.35,10954.7,10974.18
2018-02-07,10960.25,11050.94,10738.34,10759.62
2018-02-08,10723.25,10762.56,10630.93,10674.83
2018-02-09,10706.2,10733.26,10273.88,10338.78
2018-02-12,10321.4,10664.73,10302.44,10533.15
2018-02-13,10489.32,10774.99,10476.31,10572.31
2018-02-14,10589.37,10636.7,10569.08,10631.33
2018-02-15,10605.01,10642.5,10273.37,10387.86
2018-02-16,10496.37,10527.43,10241.09,10309.27
2018-02-19,10332.02,10394.16,10271.83,10363.95
2018-02-20,10401.55,10512.62,10247.21,10276.82
2018-02-21,10349.24,10352.5,10176.34,10192.64
2018-02-22,10188.69,10249.67,10031.13,10049.71
2018-02-23,10100.52,10139.1,9992.96,10035.91
2018-02-26,10037.24,10089.33,9965.78,9968.97
2018-02-27,9995.74,10139.67,9962.05,10088.69
2018-02-28,10049.11,10098.94,10037.22,10045.21
2018-03-01,10021.26,10049.74,9812.22,9823.28
2018-03-02,9772.96,9930.04,9729.2,9925.23
2018-03-05,9894.09,10380.83,9887.17,10329.8
2018-03-06,10292.77,10298.67,10144.15,10192.23
2018-03-07,10222.38,10240.87,10145.78,10153.6
2018-03-08,10183.95,10271.81,10069.9,10137.84
2018-03-09,10149.19,10174.5,10009.26,10060.27
2018-03-12,10052.59,10107.66,10033.06,10103.55
2018-03-13,10076.06,10188.64,10064.52,10180.09
2018-03-14,10089.31,10328.64,10050.76,10314.95
2018-03-15,10362.03,10449.26,10314.96,10371.2
2018-03-16,10367.25,10381.3,10305.23,10374.55
2018-03-19,10407.82,10564.23,10341,10535.15
2018-03-20,10495.18,10665.69,10466.02,10618.54
2018-03-21,10615.63,10806.93,10524.38,10780.14
2018-03-22,10804.4,10843.06,10241.35,10343.95
2018-03-23,10301.33,10326.32,10223.89,10294.74
2018-03-26,10228.33,10387.91,10185.95,10379.53
2018-03-27,10347.37,10458.64,10304.66,10420.92
2018-03-28,10426.77,10457.66,10289.96,10332.01
2018-03-29,10366.98,10431.47,10357.53,10424.74
2018-03-30,10422.35,10544.91,10370.8,10430.47
2018-04-02,10467.42,10467.65,10321.78,10336.88
2018-04-03,10306.55,10536.04,10261.26,10426.49
2018-04-04,10358.76,10417.31,10262.42,10277.02
2018-04-05,10318.82,10353.93,9940.68,9962.32
2018-04-06,9946.01,10150.87,9936.63,10115.66
2018-04-09,10134.62,10297.37,10115.16,10263.07
2018-04-10,10239.94,10517.92,10225.77,10461.72
2018-04-11,10451.22,10489.7,10231.58,10260.49
2018-04-12,10263.86,10317.01,10210.06,10310.15
2018-04-13,10295.13,10445.14,10237.02,10374.71
2018-04-16,10396.98,10448.19,10304.06,10413.96
2018-04-17,10415.17,10484.09,10338.88,10405.5
2018-04-18,10425.14,10468.95,10384.22,10413.54
2018-04-19,10361.43,10454.26,10349.13,10452.46
2018-04-20,10426.8,10429.34,10319.54,10359.37
2018-04-23,10351.22,10394.55,10344.85,10361.57
2018-04-24,10317.64,10367.75,10185.32,10257.44
2018-04-25,10264.85,10291.77,10199.08,10221.63
2018-04-26,10194.46,10438.94,10182.11,10412.17
2018-04-27,10370.96,10651.53,10307.36,10584.67
2018-04-30,10558.31,10632.35,10482.13,10627.5
2018-05-01,10693.33,10703.5,10620.92,10623.49
2018-05-02,10674.93,10756.49,10371.02,10381
2018-05-03,10352.71,10764.33,10346.39,10710.2
2018-05-04,10773.88,10871.55,10700.82,10841.45
2018-05-07,10800.34,10881.55,10562.65,10594.62
2018-05-08,10639.51,10685.27,10473.36,10513.2
2018-05-09,10491.62,10549.57,10373.14,10434.34
2018-05-10,10461.68,10473.23,10291.1,10344.46
2018-05-11,10361.22,10680.21,10348.81,10653.9
2018-05-14,10653.87,10704.68,10617.56,10661.45
2018-05-15,10608.56,10820.73,10580.04,10774.16
2018-05-16,10735.16,10821.16,10565.34,10611.5
2018-05-17,10583.8,10623.97,10442.86,10490.7
2018-05-18,10512.04,10640.43,10486.14,10578.17
2018-05-21,10633.18,10707.99,10608.48,10633.53
2018-05-22,10653.79,10727.93,10634.32,10687.48
2018-05-23,10643.21,10684.73,10499.89,10505.25
2018-05-24,10501.55,10574.16,10417.65,10511.48
2018-05-25,10609.72,10665.44,10361.13,10394.75
2018-05-28,10419.37,10429.5,10402.13,10404.43
2018-05-29,10368.5,10380.12,10297.1,10373.95
2018-05-30,10292.48,10503.14,10228.39,10485.23
2018-05-31,10538.1,10647.26,10475.9,10476.79
2018-06-01,10483.88,10573.31,10469.01,10561.52
2018-06-04,10547.78,10632.25,10514.33,10621.31
2018-06-05,10660.07,10788.78,10595.25,10719.18
2018-06-06,10763.34,10865.55,10592.22,10696.82
2018-06-07,10645.49,10670.09,10501.88,10563.54
2018-06-08,10515.82,10550.72,10462.92,10526.57
2018-06-11,10564.28,10673.84,10498.65,10579.66
2018-06-12,10572.52,10584.34,10169.21,10178.32
2018-06-13,10127.28,10474.49,10053.4,10417.17
2018-06-14,10414.75,10430.87,10304.14,10335.89
2018-06-15,10342.29,10537.04,10295.95,10482.54
2018-06-18,10438.57,10465.97,9950.01,10027.83
2018-06-19,10059.82,10149.58,9964.72,9970.97
2018-06-20,10054.16,10095.98,9996.38,10046.95
2018-06-21,10018.95,10172.24,10000.01,10160.76
2018-06-22,10129.62,10166.03,10094.73,10100.5
2018-06-25,10148.83,10165.84,10094.53,10132.09
2018-06-26,10149.74,10223.05,9980.28,10014.4
2018-06-27,10011.16,10017.37,9978.34,10016.83
2018-06-28,10008.25,10057.17,9975.41,10055.7
2018-06-29,10058.21,10126.7,9959.07,10022.74
2018-07-02,10019.86,10252.4,9959.78,10221.53
2018-07-03,10213.39,10243.25,10079.64,10135.43
2018-07-04,10164.43,10208.37,10153.11,10160.59
2018-07-05,10104.75,10212.8,10094.45,10162.09
2018-07-06,10129.27,10142.59,9973.73,10121.69
2018-07-09,10082.47,10124,9814.91,9844.05
2018-07-10,9786.93,9874.45,9767.29,9825.37
2018-07-11,9806.84,9927.87,9769.84,9911.47
2018-07-12,9874.22,9977.33,9853.17,9958.72
2018-07-13,9946.34,10189.71,9828.14,10121.92
2018-07-16,10163.8,10207.68,10121.91,10195.47
2018-07-17,10240.9,10257.62,10139.53,10152.24
2018-07-18,10095.09,10131.5,10005.4,10078.72
2018-07-19,10070.72,10095.74,9938.13,10022.14
2018-07-20,9962.84,10138.26,9940.03,10099.75
2018-07-23,10115.07,10141.42,10099.21,10122.67
2018-07-24,10107.35,10274.51,10092.02,10221.87
2018-07-25,10184.49,10187.33,10146.32,10174.1
2018-07-26,10189.03,10251.88,10152.91,10245.39
2018-07-27,10215.85,10273.97,9830.2,9867.3
2018-07-30,9869.45,10035.72,9863.2,10004.21
2018-07-31,10002.21,10016.62,9966.87,10007.45
2018-08-01,10044.45,10059.9,9922.17,9962.82
2018-08-02,10016.55,10124.6,9992.66,10109.09
2018-08-03,10103.89,10108.81,10023.03,10055.54
2018-08-06,10054.31,10067.13,9611.67,9620.9
2018-08-07,9617.8,9661.78,9577.59,9643.6
2018-08-08,9612.94,9839.78,9601.41,9780.04
2018-08-09,9728.58,9779.56,9695.85,9703.59
2018-08-10,9688.56,9904.51,9675.79,9857.12
2018-08-13,9859.62,9872.26,9810.53,9820.99
2018-08-14,9812.74,9835.24,9803.03,9834.55
2018-08-15,9855.14,9970.1,9635.3,9678.47
2018-08-16,9657.44,9670.6,9436.62,9458.13
2018-08-17,9430.78,9515.83,9428.59,9487.67
2018-08-20,9543.66,9567.33,9521.81,9523.29
2018-08-21,9550.17,9775.06,9419.34,9724.34
2018-08-22,9708.21,9719.23,9373.6,9404.29
2018-08-23,9436.19,9672.29,9406.72,9604.67
2018-08-24,9589.82,9681.56,9219.69,9231.01
2018-08-27,9234.8,9383.36,9156.63,9381.95
2018-08-28,9383.49,9467.3,9309.43,9373.52
2018-08-29,9368.09,9374.66,9268.05,9282.64
2018-08-30,9253.64,9267.46,9225.47,9261.11
2018-08-31,9329.92,9389.49,9203.29,9311.7
2018-09-03,9333.13,9393.8,9292.64,9356.58
2018-09-04,9328.21,9774.97,9279.62,9706.49
2018-09-05,9659.58,9780.38,9604.89,9735.18
2018-09-06,9768.85,9818.43,9722.73,9812.75
2018-09-07,9803.73,9855.11,9722.28,9763.74
2018-09-10,9823.76,9870.61,9520.34,9591.29
2018-09-11,9600.23,9701.6,9561.64,9664.57
2018-09-12,9697.96,9738.73,9664.47,9682.41
2018-09-13,9657.41,9734.62,9620.08,9667.55
2018-09-14,9703.88,9737.15,9650.6,9714.71
2018-09-17,9668.65,9669.14,9296.48,9323.23
2018-09-18,9286.75,9392.07,9268.42,9330.28
2018-09-19,9334.48,9377.21,9303.95,9352.67
2018-09-20,9378.05,9518.34,9313.57,9488.43
2018-09-21,9457.18,9637.77,9442.69,9620.05
2018-09-24,9620.22,9620.29,9575.81,9599.26
2018-09-25,9663.17,9772.27,9628.91,9733.11
2018-09-26,9795.88,9882.84,9765.53,9815.92
2018-09-27,9793.24,9913.71,9714.02,9761.38
2018-09-28,9810.96,9858.39,9694.47,9708.71
2018-10-01,9707.16,9724.41,9594.46,9645.55
2018-10-02,9652.57,9663.36,9529.4,9547.61
2018-10-03,9576.52,9837.23,9560.8,9830.79
2018-10-04,9847.06,9856.13,9765.16,9770.28
2018-10-05,9814.53,9838.79,9684.32,9718.08
2018-10-08,9710.77,9728.7,9626.43,9680.13
2018-10-09,9666.45,9694.12,9564.77,9643.79
2018-10-10,9629.17,9659.93,9353.65,9381.34
2018-10-11,9402.32,9414.1,9205.59,9216.26
2018-10-12,9142.42,9317.57,9116.68,9314.01
2018-10-15,9334.99,9546.99,9299.59,9516.31
2018-10-16,9539.39,9615.41,9464.86,9608.14
2018-10-17,9576.07,9709.52,9530.71,9662.92
2018-10-18,9643.79,9667.46,9476.23,9525.99
2018-10-19,9569.91,9571.71,9485.77,9495.82
2018-10-22,9501.02,9550.43,9446.58,9544.69
2018-10-23,9565.1,9640.62,9530.4,9532.68
2018-10-24,9548.17,9579.45,9411.52,9451.19
2018-10-25,9422.32,9585.55,9375.73,9585.42
2018-10-26,9646.67,9734.29,9630.03,9653.47
2018-10-29,9646.64,9676.22,9638.42,9652.18
2018-10-30,9626.96,9755.37,9593.85,9740.41
2018-10-31,9764.35,9869.67,9684.5,9821.98
2018-11-01,9800.1,10021.44,9762.94,10012.09
2018-11-02,9968.99,9999.03,9855.78,9893.28
2018-11-05,9945.4,10085.13,9943.6,10081.86
2018-11-06,10084.94,10235.71,10055.95,10192.2
2018-11-07,10209.22,10279.64,10098.76,10105.3
2018-11-08,10032.59,10117.52,10023.62,10065.41
2018-11-09,10078.81,10101.15,9978.29,10016.88
2018-11-12,10032.82,10090.15,10001.56,10082.4
2018-11-13,10109.22,10191.81,10090.33,10178.94
2018-11-14,10128.17,10358.72,10036.57,10256.61
2018-11-15,10237.77,10296.42,10136.59,10137.32
2018-11-16,10066.11,10079.91,9992.11,10039.44
2018-11-19,10031.25,10191.71,10018.06,10190.81
2018-11-20,10219.69,10273.31,9938.08,9947.33
2018-11-21,9912.29,10163.58,9901.41,10042.45
2018-11-22,10053.14,10346.75,10046.02,10297.91
2018-11-23,10303,10323.9,10187.82,10225.27
2018-11-26,10240.72,10310.93,10145.96,10259.3
2018-11-27,10259.28,10292.18,9840.55,9842.73
2018-11-28,9790.43,10042.93,9730.02,10028.72
2018-11-29,10038.89,10132.44,9773.14,9851.49
2018-11-30,9763.24,9854.05,9596.74,9830.13
2018-12-03,9833.04,9898.33,9806.12,9867.34
2018-12-04,9874.02,9898.88,9833.35,9854.53
2018-12-05,9883.39,10114.59,9873.13,10057.68
2018-12-06,9990.34,10239.28,9948.94,10193.74
2018-12-07,10217.34,10249.23,10179.13,10245.02
2018-12-10,10235.16,10287.46,9980.36,10020.48
2018-12-11,10044.35,10120.44,9914.21,9959.27
2018-12-12,9958.07,10010.46,9899.68,9978.86
2018-12-13,9966.39,10128.47,9944.88,10066.57
2018-12-14,10034.93,10225.06,10033.1,10176.22
2018-12-17,10124.95,10330.42,10065.37,10256.14
2018-12-18,10292.55,10372.62,10238.13,10254.9
2018-12-19,10297.92,10540.07,10233.91,10502.83
2018-12-20,10555.74,10774.02,10463.19,10763.21
2018-12-21,10807.01,10835.77,10695.9,10736.7
2018-12-24,10733.48,10762.68,10570.12,10604.72
2018-12-25,10577.98,10827.53,10575.82,10694.27
2018-12-26,10684.69,10948.13,10658.85,10919.06
2018-12-27,10878,11066.48,10843.58,11015.57
2018-12-28,11078.35,11086.51,10487.69,10522.88
2018-12-31,10539.65,10550.8,10408.94,10427.77
2019-01-01,10441.22,10501.13,10202.51,10249.06
2019-01-02,10225.48,10282.14,10176.15,10242.68
2019-01-03,10275.18,10434.28,10172.76,10432.41
2019-01-04,10423.14,10731.91,10372.13,10722.64
2019-01-07,10644.42,10890.65,10592.28,10857.68
2019-01-08,10892.09,10911.89,10633.75,10698.59
2019-01-09,10741.31,10765.59,10613.97,10623.89
2019-01-10,10556.12,10662.6,10496.45,10551.36
2019-01-11,10535.67,10680.27,10410.33,10593.29
2019-01-14,10623.96,10625.04,10422.09,10430.99
2019-01-15,10417.93,10434.32,10092.48,10173.77
2019-01-16,10205.59,10270.79,10137.59,10156.84
2019-01-17,10102.56,10212.49,9975.87,10018.53
2019-01-18,9960.74,10334.79,9940.02,10287.19
2019-01-21,10235.81,10440.4,10222.92,10383.38
2019-01-22,10371.89,10459.3,10288.09,10356.26
2019-01-23,10358.13,10388.27,10172.99,10249.47
2019-01-24,10313.71,10377.53,10197.15,10268.44
2019-01-25,10372.63,10464.17,10136.97,10182.85
2019-01-28,10161.45,10197.92,10089.45,10095.22
2019-01-29,10108.66,10169.94,10095.19,10132.04
2019-01-30,10116.52,10397.91,10095.3,10296.02
2019-01-31,10331.36,10349.56,10098.05,10116.12
2019-02-01,10104.26,10259.75,10076.42,10227.81
2019-02-04,10245.48,10316.84,10126.56,10134.25
2019-02-05,10099.93,10377.34,10081.13,10367.02
2019-02-06,10320.3,10403.49,10319.44,10373.8
2019-02-07,10301.89,10364.71,9909.05,9948.22
2019-02-08,9950.76,10154.53,9943.25,10147.12
2019-02-11,10170.34,10194.35,9873.36,9942.88
2019-02-12,9942.91,10034.14,9720.7,9819.06
2019-02-13,9848.48,9893.79,9647.9,9727.38
2019-02-14,9754,9828.94,9736.38,9822.74
2019-02-15,9846.71,10039.82,9811.81,9950.34
2019-02-18,9984.93,10251.71,9949.54,10223.74
2019-02-19,10251.41,10352.73,10199.63,10318.15
2019-02-20,10304.8,10429.61,10259.69,10413.43
2019-02-21,10316.44,10375.07,10276.43,10368.05
2019-02-22,10298.88,10363.62,10181.61,10201.05
2019-02-25,10263.21,10332.69,10119.71,10154.5
2019-02-26,10159.53,10212.18,10142.28,10203.6
2019-02-27,10233.92,10265.07,10225.39,10229.35
2019-02-28,10215.99,10249.17,10212.45,10244.43
2019-03-01,10265.05,10267.92,10064.6,10124.01
2019-03-04,10164.51,10350.51,10109.45,10270.99
2019-03-05,10242.06,10307.08,10241.71,10293.26
2019-03-06,10340.33,10343.2,10238.4,10263.49
2019-03-07,10199.5,10280.82,10157.44,10175.29
2019-03-08,10161.34,10351.8,10102.91,10327.42
2019-03-11,10339.34,10398.72,10259.66,10372.82
2019-03-12,10383.73,10599.38,10355.81,10535.42
2019-03-13,10576.84,10584.42,10463.6,10568.16
2019-03-14,10558.43,10592.38,10510.2,10560.55
2019-03-15,10535.93,10722.07,10457.58,10594.62
2019-03-18,10593.77,10674.79,10557.14,10603.25
2019-03-19,10555.3,10757.49,10552.99,10715.91
2019-03-20,10709.58,11043.28,10676.8,10912.39
2019-03-21,10937.35,10967.97,10839.96,10864.05
2019-03-22,10850.55,10856.98,10705.73,10713.96
2019-03-25,10704.29,10991.41,10629.1,10877.82
2019-03-26,10769.16,11052.57,10736.23,11048.45
2019-03-27,11058.01,11107.4,10908.04,10958.49
2019-03-28,10994.49,11118.07,10961.04,11081
2019-03-29,11078.1,11178.4,11006.84,11011.54
2019-04-01,11018.67,11125.83,10903.12,11120.42
2019-04-02,11061.09,11123.19,11057.61,11115.23
2019-04-03,11016.08,11313.55,10937.05,11218.76
2019-04-04,11177.58,11200.91,10968.79,10997.91
2019-04-05,11027.19,11038.76,10833.25,10952.33
2019-04-08,10918.27,10932.25,10804.89,10862.07
2019-04-09,10800.86,10884.72,10800.29,10846.68
2019-04-10,10895.45,11210.2,10874.31,11086.23
2019-04-11,11050.49,11220.58,11017.6,11196.65
2019-04-12,11179.9,11186.65,11114.46,11145.61
2019-04-15,11139.69,11231.3,11123.9,11176.28
2019-04-16,11082.29,11108.32,10775.11,10792.28
2019-04-17,10846.78,10856.36,10722.41,10810.8
2019-04-18,10916.41,10982.38,10733.66,10776.81
2019-04-19,10768.37,10774.36,10445.59,10518.69
2019-04-22,10524.85,10643.98,10505.11,10582.81
2019-04-23,10547.72,10765.38,10512.77,10687.02
2019-04-24,10679.03,10758.06,10651.47,10710.38
2019-04-25,10746.17,10875.36,10709.47,10872.03
2019-04-26,10878.21,10886.32,10848.77,10853.61
2019-04-29,10831.36,11104.45,10829.96,11074.04
2019-04-30,11110.07,11521.94,11045.21,11469.39
2019-05-01,11477.07,11589.5,11118.6,11205.37
2019-05-02,11146.18,11306.94,11077.61,11265.53
2019-05-03,11261.31,11490.46,11204.02,11358.98
2019-05-06,11307.87,11488.27,11267.33,11477.04
2019-05-07,11458.64,11475.45,11446.98,11459.6
2019-05-08,11463.55,11494.16,11255,11290.72
2019-05-09,11381.6,11440.44,11290.54,11331.69
2019-05-10,11361.25,11412.84,11154.41,11199.55
2019-05-13,11234.76,11347.35,11059.36,11092.45
2019-05-14,11152.86,11173.93,10717.23,10764.06
2019-05-15,10748.72,10815.83,10696.19,10708.15
2019-05-16,10607.12,10952.81,10507.96,10908.21
2019-05-17,10917.82,11026.83,10843.01,10950.37
2019-05-20,10940.57,11098.48,10838.15,10850.57
2019-05-21,10898.91,10946.95,10669.32,10680.28
2019-05-22,10702.68,10719.54,10438.81,10545.3
2019-05-23,10577.35,10602.89,10458.31,10461.42
2019-05-24,10498.02,10532.35,10422.4,10424.74
2019-05-27,10411.82,10426.78,10332.46,10358.62
2019-05-28,10349.94,10598.68,10284.35,10491.49
2019-05-29,10515.05,10616.02,10497.38,10611.15
2019-05-30,10591.99,10656.32,10561.51,10611
2019-05-31,10551.66,10600.75,10314.16,10317.24
2019-06-03,10346.2,10365.28,10320.2,10347.9
2019-06-04,10291.13,10548.64,10241.75,10497.42
2019-06-05,10573.42,10771.61,10539.14,10755.47
2019-06-06,10717.19,10939.5,10700.2,10902.94
2019-06-07,10906.57,11309.11,10865.96,11260.18
2019-06-10,11242.74,11262.85,11079.08,11133.06
2019-06-11,11115.51,11199.43,11093.35,11146.77
2019-06-12,11126.96,11408.8,11054.57,11352.28
2019-06-13,11430.58,11619.32,11355.82,11596.27
2019-06-14,11605.63,11691.76,11516.33,11673.82
2019-06-17,11743.83,11753.47,11356.3,11364.69
2019-06-18,11276.72,11607.69,11221.7,11545.47
2019-06-19,11499.72,11512.11,11328.11,11356.38
2019-06-20,11278.84,11415.18,11187.09,11348.15
2019-06-21,11358.97,11470.56,11338.61,11454.73
2019-06-24,11468.09,11523.68,11261.14,11313.78
2019-06-25,11368.76,11389.38,11302.57,11370.5
2019-06-26,11222.86,11483.83,11221.1,11444.34
2019-06-27,11398.29,11436.15,11235.12,11325.03
2019-06-28,11324.25,11443.05,11296.93,11339.27
2019-07-01,11254.8,11367.69,11146.88,11291.79
2019-07-02,11308.61,11380.94,11304.42,11353.09
2019-07-03,11359.61,11553.53,11327.55,11451.46
2019-07-04,11457.85,11458.9,11135.95,11226.14
2019-07-05,11235.11,11280.83,11216.92,11273.81
2019-07-08,11293.08,11384.67,11288.49,11289.46
2019-07-09,11307.38,11337.48,10980.91,11047.85
2019-07-10,11075.62,11122.99,11024.73,11111.28
2019-07-11,11094.09,11294.16,11070.42,11203.04
2019-07-12,11197.93,11211.64,10993.25,11030.57
2019-07-15,10982.18,11453.46,10936.72,11424.34
2019-07-16,11307.85,11349.96,11111.01,11126.93
2019-07-17,11121.84,11146.77,10636.36,10733.58
2019-07-18,10671.74,11079.95,10598.43,11067.69
2019-07-19,11115.33,11122.27,11054.58,11067.55
2019-07-22,11082.03,11145.44,11007.04,11045.27
2019-07-23,11060.06,11151.79,10985.43,11020.7
2019-07-24,11007.39,11033.54,10865.72,10907.72
2019-07-25,10901.55,10903.46,10675.77,10704.95
2019-07-26,10640.76,10920.27,10561.62,10884.87
2019-07-29,10898.33,10912,10839.17,10854.97
2019-07-30,10823.11,11199.98,10783.04,11190.83
2019-07-31,11198.35,11447.24,11089.62,11384.25
2019-08-01,11331.8,11559.4,11312.82,11473.86
2019-08-02,11501.73,11581.55,11455.27,11561.79
2019-08-05,11584.88,11621.21,11488.12,11501.35
2019-08-06,11494.66,11504.71,11078.66,11143.55
2019-08-07,11116.54,11239.64,11111.34,11215.62
2019-08-08,11240.31,11302.94,11140.74,11145.34
2019-08-09,11119.45,11381.61,11027.22,11307.94
2019-08-12,11402.94,11408.13,11222.49,11329.42
2019-08-13,11348.93,11412.2,11332.96,11355.23
2019-08-14,11363.64,11475.52,11020.16,11065.26
2019-08-15,11060.29,11104.39,10951.25,10993.6
2019-08-16,10992.13,11098.52,10987.43,11080.11
2019-08-19,11065.53,11172.09,10991.61,11126.5
2019-08-20,11092.64,11210.27,11072.92,11137.33
2019-08-21,11110.74,11230.33,11067.04,11186.3
2019-08-22,11185.52,11331.81,11182.95,11277.47
2019-08-23,11277.67,11318.12,10955.63,11116.71
2019-08-26,11068.22,11131.86,11039.11,11069.26
2019-08-27,11082.94,11166.33,11005.42,11150.14
2019-08-28,11184.8,11259.09,10649.51,10757.07
2019-08-29,10764.63,10770.64,10441.22,10505.22
2019-08-30,10515.02,10559.46,10411.68,10445.32
2019-09-02,10429.58,10659.54,10407.49,10625.2
2019-09-03,10626.05,10652.76,10571.04,10585.28
2019-09-04,10579.07,10705.55,10569.51,10693.02
2019-09-05,10670.51,10982.5,10626.54,10952.7
2019-09-06,10904.5,11086.93,10890.05,11063.04
2019-09-09,11018.34,11407.69,10932.55,11379.26
2019-09-10,11345.65,11543.5,11264.76,11504.3
2019-09-11,11507.98,11723.66,11446.27,11650.67
2019-09-12,11665.46,11683.83,11615.24,11672.57
2019-09-13,11699.23,11792.99,11633.68,11689.35
2019-09-16,11681.1,11695.54,11564.26,11622.61
2019-09-17,11529.74,11709.76,11477.18,11694.43
2019-09-18,11745.61,11830.51,11554.48,11607.51
2019-09-19,11615.2,11771.86,11563.07,11744.25
2019-09-20,11732.47,11736.65,11691.07,11696.32
2019-09-23,11624.49,11716.87,11584.8,11615.56
2019-09-24,11626,11833.47,11591.04,11823.87
2019-09-25,11856.22,12318.34,11817.68,12243.5
2019-09-26,12294.4,12352.4,11983.04,12117.67
2019-09-27,12167.08,12245.73,11589,11678.96
2019-09-30,11742.61,11859.98,11629.03,11634.21
2019-10-01,11614.69,11662.11,11453.81,11483.07
2019-10-02,11516.31,11636.34,11419.35,11567.77
2019-10-03,11583.22,11650.64,11302.99,11379.18
2019-10-04,11479.16,11537.92,11259.04,11273.47
2019-10-07,11232.49,11489.15,11193.64,11469.06
2019-10-08,11420.8,11458.98,11221.59,11253.67
2019-10-09,11214.59,11465.8,11136.25,11462.08
2019-10-10,11466.24,11838.41,11385.88,11719.8
2019-10-11,11721.39,11823.18,11710.38,11775.44
2019-10-14,11775.31,11778.5,11629.19,11704.67
2019-10-15,11689.27,11941.93,11642.92,11932.64
2019-10-16,11906.97,11974.47,11836.66,11930.08
2019-10-17,11859.46,11981.71,11804.76,11887.64
2019-10-18,11911.66,11929.94,11856.67,11888.95
2019-10-21,11822.01,11923.12,11792.72,11887.8
2019-10-22,11883.05,11911.7,11758.05,11782.52
2019-10-23,11775.17,11780.1,11592.23,11662.91
2019-10-24,11748.82,11760.72,11525.32,11604.59
2019-10-25,11587.67,11629.62,11354.69,11461.31
2019-10-28,11482.22,11675.45,11439.27,11659.33
2019-10-29,11693.36,11778.02,11637.2,11727.13
2019-10-30,11720.66,11808.76,11568.04,11653.42
2019-10-31,11633.47,11743.26,11616.58,11660.11
2019-11-01,11677.89,11795.03,11354.02,11464.54
2019-11-04,11476.52,11504.37,11252.92,11254.07
2019-11-05,11238.92,11544.26,11234.02,11438.31
2019-11-06,11380.23,11505.37,11298.32,11479.08
2019-11-07,11464.42,11488.18,11183.41,11203.47
2019-11-08,11185.38,11224.08,11123.12,11162.76
2019-11-11,11144.86,11252.33,11047.47,11230.13
2019-11-12,11250,11323.14,11161.56,11292.96
2019-11-13,11260.83,11276.04,11181.56,11222.38
2019-11-14,11279.24,11426.07,11235.91,11250.4
2019-11-15,11287.1,11499.65,11262.53,11413.33
2019-11-18,11343.57,11549.45,11334.93,11495.35
2019-11-19,11467.38,11561.14,11465.52,11558.15
2019-11-20,11517.03,11666.23,11510.69,11640.39
2019-11-21,11622.1,11711,11433.02,11540.67
2019-11-22,11474.74,11759.48,11389.82,11729.65
2019-11-25,11797.08,11814.87,11703.03,11745.05
2019-11-26,11722.1,11725.24,11639.84,11664.95
2019-11-27,11747.42,11805.79,11728.41,11788.17
2019-11-28,11849.07,11882.69,11716.7,11732.06
2019-11-29,11636.43,11975.55,11604.78,11954.28
2019-12-02,11928.32,12071.98,11894.6,12030.77
2019-12-03,12062.86,12271.27,11959.02,12234.5
2019-12-04,12179.54,12300.58,12108.81,12239.57
2019-12-05,12200.67,12363.48,12073.77,12347.59
2019-12-06,12324.93,12531.2,12305.25,12427.82
2019-12-09,12507.12,12560.44,12410.98,12428.47
2019-12-10,12511.88,12623.75,12473.71,12540.46
2019-12-11,12683.12,12697.37,12544.62,12589.45
2019-12-12,12645.75,12677.05,12551.48,12632.82
2019-12-13,12643.79,12700.37,12447.38,12450.07
2019-12-16,12483.68,12627.19,12218.31,12285.8
2019-12-17,12296.62,12302.4,12213.06,12275.12
2019-12-18,12238.64,12344.87,12212.58,12330.63
2019-12-19,12234.15,12388.23,12125.01,12307.8
2019-12-20,12225.69,12354.65,12213.94,12233.89
2019-12-23,12271.15,12288.7,12212.45,12250.97
2019-12-24,12278.46,12315.44,12193.77,12285
2019-12-25,12188.87,12387.92,12135.82,12338.85
2019-12-26,12303.42,12381.07,12115.3,12239.5
2019-12-27,12147.72,12160.2,12031.34,12062.17
2019-12-30,12050.57,12142.52,11958.53,12127.18
2019-12-31,12207.39,12338.26,12174.15,12223.44
2020-01-01,12278.72,12308.46,12109.97,12196.55
2020-01-02,12183.4,12365.37,12122.16,12342.32
2020-01-03,12312,12694.98,12289.37,12499.37
2020-01-06,12515.18,12608.6,12490.29,12565.8
2020-01-07,12564.65,12936.67,12523.92,12812.51
2020-01-08,12812.52,12958.89,12552.41,12569.02
2020-01-09,12717.62,12745.75,12423.29,12459.78
2020-01-10,12491.93,12618.9,12390.09,12583.18
2020-01-13,12650.55,12726.17,12290.04,12306.88
2020-01-14,12273.53,12351.95,12197.49,12345.37
2020-01-15,12423.75,12568.06,12356.12,12553.55
2020-01-16,12609.02,12691.59,12228.27,12310.03
2020-01-17,12348.87,12377.99,12041.49,12188.44
2020-01-20,12132.43,12217.49,12064.74,12099.62
2020-01-21,12149.73,12215.99,11931.64,11938.08
2020-01-22,11874.61,11878.54,11721.35,11802.3
2020-01-23,11736.49,11927.29,11682.95,11883.24
2020-01-24,11881.84,12065.57,11856.62,12002.69
2020-01-27,11993.6,12142.3,11919.93,11938.06
2020-01-28,11939.79,12138.91,11909.77,12100.69
2020-01-29,12073.3,12179.17,11894.94,11976.59
2020-01-30,12032.32,12051.2,11732.28,11820.82
2020-01-31,11837.91,11958.99,11766.42,11894.36
2020-02-03,11929.04,11965.94,11469.42,11495.74
2020-02-04,11546.49,11685.85,11300.11,11310.97
2020-02-05,11338.26,11375.59,11014.25,11024.15
2020-02-06,11050.98,11105.93,10876.69,10893.6
2020-02-07,10891.26,10968.73,10891.03,10932.69
2020-02-10,10879.72,11331.4,10822.29,11289.54
2020-02-11,11393.63,11432.99,10854.3,10892.83
2020-02-12,10891.86,10971.72,10845.94,10949.55
2020-02-13,10986.58,11392.79,10930.53,11371.29
2020-02-14,11375.71,11443.94,10936.1,11051.34
2020-02-17,11076.52,11161.37,11051.84,11148.97
2020-02-18,11091.55,11152.79,11044.26,11056.95
2020-02-19,11052.03,11154.58,10949.2,11097.27
2020-02-20,11094.14,11186.62,10989.88,10994.3
2020-02-21,10971.67,11722.64,10930.91,11702.56
2020-02-24,11735.64,12075.14,11681.41,12036.45
2020-02-25,12071.35,12099.85,11589.33,11589.85
2020-02-26,11547.47,11713.93,11527.57,11694.85
2020-02-27,11706.39,11707.23,11199.04,11295.36
2020-02-28,11343.27,11397.39,10839.96,10928.09
2020-03-02,10952.82,11001.45,10887.33,10909.33
2020-03-03,10823.65,11615.48,10797.75,11559.84
2020-03-04,11644.37,11863.71,11598.17,11811.87
2020-03-05,11803.74,11986.03,11740.18,11942.2
2020-03-06,11854.35,11874.94,11737.63,11768.44
2020-03-09,11753.33,11807.62,11439.98,11483.04
2020-03-10,11535.42,11557.15,11257.7,11269.1
2020-03-11,11282.56,11308.64,11154.57,11193.66
2020-03-12,11114.97,11145.64,10855.97,10916.52
2020-03-13,10920.65,10950.13,10911.79,10918.35
2020-03-16,10864.48,11183.8,10856.3,11168.33
2020-03-17,11142.7,11225.63,10696.32,10732.79
2020-03-18,10757.67,10779.52,10695.79,10723.84
2020-03-19,10667.48,11244.2,10614.03,11229.99
2020-03-20,11267.1,11365.36,11132.62,11198.93
2020-03-23,11181.57,11225.55,10844.33,10892
2020-03-24,10873.44,11169.1,10847.97,11102.43
2020-03-25,11079.26,11102.68,10968.41,10996.5
2020-03-26,10971.11,10998.48,10408.21,10529.96
2020-03-27,10546.9,10581.95,10061.69,10065.89
2020-03-30,10084.25,10298.07,10019.72,10295.76
2020-03-31,10320.67,10399.09,10269.25,10358.85
2020-04-01,10422.99,10456.21,10229.74,10249.14
2020-04-02,10240.68,10718.35,10204.87,10662.56
2020-04-03,10654.31,10716.23,10199.21,10301.67
2020-04-06,10271.41,10284.29,10073.06,10085.62
2020-04-07,10132.71,10223.8,9916.79,9955.21
2020-04-08,9940.66,10021.32,9558.71,9590.11
2020-04-09,9599.68,9979.71,9597.52,9965.82
2020-04-10,10001.04,10075.65,9520.4,9537.6
2020-04-13,9479.26,9604.33,9411.71,9591.74
2020-04-14,9563.17,9602.8,9391.61,9461.53
2020-04-15,9422.17,9541.12,9360.61,9539.15
2020-04-16,9555.27,9600.3,9338.48,9405.17
2020-04-17,9434.53,9551.8,9374.12,9504.22
2020-04-20,9536.83,10019.69,9489.29,9867.41
2020-04-21,9854.89,10325.68,9801.05,10300.89
2020-04-22,10277.86,10278.72,10032.73,10035.47
2020-04-23,10111.35,10408.81,10087.56,10405.96
2020-04-24,10342.37,10509.69,10277.99,10461.17
2020-04-27,10443.74,10469.11,10097.91,10123.24
2020-04-28,10054.33,10063.79,9415.15,9427.46
2020-04-29,9386.03,9445.97,8837.09,8856.36
2020-04-30,8863.94,9103.31,8811.72,9096.87
2020-05-01,9170.8,9186.58,8957.38,8961.33
2020-05-04,8922.28,9042.22,8870.83,9017.95
2020-05-05,9020.68,9025.32,8859.77,8868.76
2020-05-06,8889.76,8891.36,8696.74,8746.62
2020-05-07,8774.56,8969.35,8732,8959.66
2020-05-08,8989.47,8989.66,8687.44,8692.09
2020-05-11,8719.29,8915.17,8663.95,8888.8
2020-05-12,8893.03,8955.61,8886.28,8922.75
2020-05-13,8973.73,9004.77,8863.46,8882.37
2020-05-14,8895.23,8960.19,8757.75,8829.43
2020-05-15,8774.05,8793.01,8707.18,8777.53
2020-05-18,8791.35,8820.2,8666.04,8695.34
2020-05-19,8688.68,8713.49,8657.83,8669.15
2020-05-20,8709.53,8734.65,8606.71,8626.22
2020-05-21,8630.42,8793,8593.06,8790.24
2020-05-22,8767.46,8871.1,8724.15,8848.59
2020-05-25,8798.85,8806.24,8796.01,8801.45
2020-05-26,8828.29,8848.76,8785.2,8799.41
2020-05-27,8836.86,8935.89,8805.09,8867.88
2020-05-28,8848.52,8854.88,8770.21,8797.81
2020-05-29,8751.16,8956.6,8722.63,8937.89
2020-06-01,8938.02,8972.15,8663.39,8689.14
2020-06-02,8732.63,8915.13,8675.58,8895.65
2020-06-03,8910.58,9012.62,8828.88,8857.46
2020-06-04,8846.99,9057.91,8776.29,9004.02
2020-06-05,9030.48,9042.85,8948.04,8964.99
2020-06-08,9014.33,9043.24,8952.66,8960.76
2020-06-09,8955.61,8988.38,8894.32,8947.53
2020-06-10,8958.87,8976.78,8905.07,8914.87
2020-06-11,8953.86,9167.42,8947.78,9123.62
2020-06-12,9155.54,9267.34,9151.65,9246.06
2020-06-15,9286.11,9309.82,9214.06,9225.96
2020-06-16,9226.83,9252.19,8882.8,8914.74
2020-06-17,8909.85,8992.02,8889.29,8990.66
2020-06-18,8921,9074.34,8881.85,9036.12
2020-06-19,9008.79,9095.65,8969.23,9076.29
2020-06-22,9039.33,9113.39,9011.38,9088.58
2020-06-23,9152.23,9181.17,8993.42,9037.33
2020-06-24,9062.93,9095.62,8947.09,8951.18
2020-06-25,8939.15,8978.17,8765.36,8812.77
2020-06-26,8763.85,8794.29,8712.56,8738.34
2020-06-29,8698.49,8910.09,8656.88,8864.11
2020-06-30,8829.12,8974.82,8787.2,8955.54
2020-07-01,8951.54,8983.19,8917.2,8963.94
2020-07-02,8981.75,9026.18,8895.07,8922.67
2020-07-03,8903.36,9024.13,8900.57,8997.04
2020-07-06,8979.73,9024.26,8910.39,8916.28
2020-07-07,8911.92,9080,8879.99,9014.28
2020-07-08,9030.16,9092.4,8964.36,9033.78
2020-07-09,9016.15,9275.48,9005.94,9227.08
2020-07-10,9242.77,9397.77,9233.47,9393.94
2020-07-13,9328.11,9659.23,9325.77,9638.4
2020-07-14,9600.14,9609.72,9466.2,9551.01
2020-07-15,9581.09,9591.82,9575.3,9591.81
2020-07-16,9583.25,9631.38,9309.14,9329.01
2020-07-17,9321.78,9357.64,9240.92,9272.38
2020-07-20,9312.66,9423.59,8978.12,9032.47
2020-07-21,9091.26,9142.54,9015.38,9097.1
2020-07-22,8956.78,9163.32,8934.34,9136.34
2020-07-23,9115.49,9154.76,9042.06,9140.51
2020-07-24,9133.29,9235.18,9113.68,9204.67
2020-07-27,9245.92,9466.86,9162.59,9435.39
2020-07-28,9414.46,9599.54,9329.32,9590.21
2020-07-29,9591.66,9744.37,9530.04,9668.35
2020-07-30,9586.45,9687.78,9570.28,9656.4
2020-07-31,9689.3,9905.13,9629.88,9850.77
2020-08-03,9854.62,9858.72,9684.54,9707.56
2020-08-04,9744.15,9772.27,9468.38,9478.81
2020-08-05,9504.06,9515.08,9475.21,9511.37
2020-08-06,9465.53,9727.96,9378.28,9628.08
2020-08-07,9641.22,9676.78,9555.44,9661.34
2020-08-10,9635.83,9685.85,9470.74,9539.19
2020-08-11,9474.27,9563.25,9448.69,9519.97
2020-08-12,9432.78,9433.23,9429.37,9431.02
2020-08-13,9431.49,9530.21,9412.02,9522.17
2020-08-14,9594.61,9611.06,9445.02,9448.12
2020-08-17,9520.04,9546.16,9513.73,9514.56
2020-08-18,9493.72,9501.02,9427.41,9482.07
2020-08-19,9517.57,9578.73,9379.65,9407.72
2020-08-20,9387.56,9650.93,9370.21,9615.47
2020-08-21,9621.86,9640.08,9484.49,9532.22
2020-08-24,9603.13,9622.69,9292.62,9318.76
2020-08-25,9335.95,9506.12,9293.73,9458.89
2020-08-26,9468.27,9490.66,9226.78,9282.75
2020-08-27,9293.43,9306.09,9238.05,9297.76
2020-08-28,9303.52,9416.81,9171.73,9195.98
2020-08-31,9124.63,9454.7,9082.87,9406.57
2020-09-01,9396.01,9498.69,9374.83,9454.84
2020-09-02,9488.75,9517.43,9417.48,9424.36
2020-09-03,9411.52,9474.75,9365.01,9461.6
2020-09-04,9459.01,9485.79,9375.07,9429.41
2020-09-07,9479.57,9492.44,9453.95,9458.54
2020-09-08,9400.37,9516.78,9362.36,9509.94
2020-09-09,9510.1,9588.95,9462.48,9547.55
2020-09-10,9592.01,9731.69,9563.69,9664.57
2020-09-11,9744.05,9781.08,9716.76,9749.29
2020-09-14,9760.35,9876.9,9694.74,9871.21
2020-09-15,9792.74,10008.83,9769.81,9926.46
2020-09-16,9852.84,10004.97,9835.06,9973.1
2020-09-17,10012.56,10088.28,9970.07,9984.49
2020-09-18,9968.21,10167.78,9940.82,10112.95
2020-09-21,10129.57,10269.38,10039.13,10248.88
2020-09-22,10243.99,10557.78,10235.46,10444.52
2020-09-23,10433.31,10500.23,10370.13,10476.77
2020-09-24,10543,10603.75,10475.35,10540.35
2020-09-25,10561.59,11033.19,10536.4,10927.76
2020-09-28,10852.91,10904.71,10840.96,10866.5
2020-09-29,10862.74,10984.75,10856.18,10914.33
2020-09-30,10790.01,11093.7,10781.86,11069.84
2020-10-01,11088.18,11102.75,11037.21,11068.43
2020-10-02,11053.72,11053.96,10883.27,11036.31
2020-10-05,11000.08,11092,10987.27,11065.08
2020-10-06,11031.54,11209.13,11027.42,11147.29
2020-10-07,11141.76,11258,10970.42,11184.11
2020-10-08,11171.23,11180.66,10655.17,10717.65
2020-10-09,10756.33,10811.33,10755.8,10792.75
2020-10-12,10765.2,11041.52,10751.66,10963.72
2020-10-13,10963.51,11027.73,10889.82,11014.89
2020-10-14,10964.33,11156.42,10936.82,11154.51
2020-10-15,11159.62,11391.21,11134.22,11327.7
2020-10-16,11370.88,11563.91,11368.32,11487.4
2020-10-19,11450.28,11736.01,11341.4,11716.53
2020-10-20,11835.76,11844.6,11570.37,11648.33
2020-10-21,11671.22,11684.74,11298.32,11375.92
2020-10-22,11411.37,11476.48,11407.71,11425.85
2020-10-23,11461.89,11632.68,11441.15,11569.68
2020-10-26,11561.36,11795.72,11509.51,11755.82
2020-10-27,11759.7,11846.42,11724.42,11763.95
2020-10-28,11795.19,11850.21,11723.12,11775.01
2020-10-29,11777.28,11786.57,11523.16,11524.94
2020-10-30,11499.38,11542.11,11381.31,11511.17
2020-11-02,11504.96,11649.98,11423.91,11588.47
2020-11-03,11596.94,11965.64,11435.72,11875.94
2020-11-04,11936.14,12048.54,11899.35,11994.52
2020-11-05,11989.56,12049.06,11954.77,11966.79
2020-11-06,11913.97,12169.03,11884.29,12057.47
2020-11-09,12034.02,12167.34,12007.75,12036.01
2020-11-10,11910.26,12097.57,11877.88,12090.16
2020-11-11,12100.25,12150.08,11788.55,11930.19
2020-11-12,11917.28,12152.15,11854.8,12133.6
2020-11-13,12067.22,12305.17,12003.06,12197.11
2020-11-16,12279.08,12322.38,12179.2,12201.48
2020-11-17,12202.54,12359.66,12119.43,12301.6
2020-11-18,12313.88,12345.59,12259.47,12309.58
2020-11-19,12387.42,12536.86,12343.49,12499.69
2020-11-20,12481.98,12528.28,12377.3,12491.99
2020-11-23,12450.51,13044.86,12355.03,12929.56
2020-11-24,13014.69,13196.83,12948.84,13076.12
2020-11-25,13062.77,13511.49,13055.24,13346.94
2020-11-26,13361.87,13371.87,13221.42,13326.39
2020-11-27,13402.42,13622.61,13381.57,13572.82
2020-11-30,13631.28,13691.93,13462.76,13505.31
2020-12-01,13481.28,13531.29,13468.59,13474.66
2020-12-02,13548.76,13671.46,13493.84,13665.05
2020-12-03,13622.45,13628.38,13300.9,13372.13
2020-12-04,13466.72,13539.72,13407.26,13439.36
2020-12-07,13436.1,13582.73,13140.6,13195.64
2020-12-08,13205.88,13231.93,12957.56,12976.16
2020-12-09,12961.98,13119.57,12919.4,13081.39
2020-12-10,13070.73,13095.36,13012.83,13053.52
2020-12-11,13031.08,13134.02,12915.38,13075.45
2020-12-14,13028.29,13083.01,12919.43,12965.89
2020-12-15,12966.15,12999.64,12639.14,12650.17
2020-12-16,12681.51,12831.14,12411.07,12512.3
2020-12-17,12496.34,12600.66,12415.41,12596.52
2020-12-18,12470.87,12672.65,12434.5,12632.52
2020-12-21,12670,12722.81,12491.3,12524.7
2020-12-22,12546.52,12606.64,12371.72,12413.85
2020-12-23,12490.06,12523.84,12240.35,12303.99
2020-12-24,12256.37,12277.13,12030.18,12054.02
2020-12-25,12074.68,12170.16,11765.64,11794.45
2020-12-28,11744.52,11977.15,11726.4,11953.52
2020-12-29,11890.86,12079.21,11808.58,12050.2
2020-12-30,12015.77,12162.67,12008.74,12151.92
2020-12-31,12170.87,12230.51,12025.83,12057.53
2021-01-01,12047.53,12110.52,11847.99,11879.6
2021-01-04,11882.46,12062.25,11856.91,12040.45
2021-01-05,12037.79,12043,11939.61,12001.56
2021-01-06,12000.54,12237.56,11929.33,12188.34
2021-01-07,12261.91,12273.28,12120.82,12210.89
2021-01-08,12234.58,12416.52,12142.93,12328.28
2021-01-11,12333.77,12402.08,12188.66,12207.43
2021-01-12,12249.1,12319.24,12226.66,12267.52
2021-01-13,12316.3,12390.59,12167.16,12190.55
2021-01-14,12159.02,12566.33,12070.91,12547.19
2021-01-15,12549.02,12566.37,12365.62,12372.9
2021-01-18,12384.73,12606.29,12380.96,12543.57
2021-01-19,12568.11,12756.53,12526.18,12715.34
2021-01-20,12662.9,12856.6,12529.84,12772.51
2021-01-21,12706.55,12783.95,12589.83,12782.66
2021-01-22,12692.15,12917.64,12686.43,12836.14
2021-01-25,12895.68,13135.53,12841.78,12988.46
2021-01-26,13049.03,13122.78,12881.97,12957.66
2021-01-27,12995.56,13038.67,12907.19,12942.66
2021-01-28,12986.87,13169.16,12985.38,13040.18
2021-01-29,13049.84,13132.7,12677.01,12748.34
2021-02-01,12762.6,12774.91,12659.41,12691.89
2021-02-02,12625.41,12649.23,12345.06,12365.41
2021-02-03,12347.47,12395.05,12316.84,12334
2021-02-04,12349.41,12530.44,12282.14,12429.62
2021-02-05,12440.78,12540.15,12162.39,12237.79
2021-02-08,12223.69,12266.01,12063.96,12137.4
2021-02-09,12207.53,12211.78,12150,12167.69
2021-02-10,12190.45,12253.53,12127.09,12157.15
2021-02-11,12160.79,12192.64,12148.21,12186.88
2021-02-12,12069.67,12080.39,11854.53,11958.77
2021-02-15,11963.91,12262.98,11897.29,12240.29
2021-02-16,12259.7,12519.25,12215.02,12469.2
2021-02-17,12447.41,12591.14,12395.7,12529.65
2021-02-18,12493.2,12543.87,12473.39,12483.38
2021-02-19,12494.98,12552.45,12412.94,12473.73
2021-02-22,12357.09,12495.61,12317.72,12380.79
2021-02-23,12441.19,12798.39,12323.14,12659.42
2021-02-24,12546.11,12716.11,12444.61,12708.33
2021-02-25,12624.82,13072.22,12498.05,12971.4
2021-02-26,13011.42,13106.58,12902.51,13106.54
2021-03-01,13061.81,13170.37,13013.92,13108.88
2021-03-02,13070.88,13151.85,12936.09,12939.31
2021-03-03,12921.93,13121.12,12872.59,13112.51
2021-03-04,13089.06,13149.42,13071.52,13102.73
2021-03-05,13065.71,13132.65,12828.3,12857.65
2021-03-08,12804.96,13006.26,12780.82,12927.25
2021-03-09,12959.06,13131.65,12897.41,13120.58
2021-03-10,13011.17,13418.92,12960.19,13315.03
2021-03-11,13314.14,13325.16,13239.7,13243.48
2021-03-12,13253.2,13453.09,13212.3,13394.76
2021-03-15,13386.54,13902.31,13333.83,13793.74
2021-03-16,13833.15,14011.06,13705.69,13970.6
2021-03-17,13997.96,14254.08,13954.11,14077.5
2021-03-18,14092.34,14475.23,14069.49,14464.7
2021-03-19,14414.21,14833.22,14336.99,14817.11
2021-03-22,14780.2,14856.78,14617.38,14631.91
2021-03-23,14674.96,14917.62,14648.5,14858.19
2021-03-24,14922.53,15033.7,14665.91,14737.2
2021-03-25,14772.93,14837.57,14642.59,14644.33
2021-03-26,14621.89,14801.57,14599.92,14664.03
2021-03-29,14690.42,14946.01,14671.57,14835.81
2021-03-30,14799.58,14924.83,14734.54,14905.96
2021-03-31,14965.2,15197.72,14844.9,15134.53
2021-04-01,15098.56,15334.61,15026.52,15291.41
2021-04-02,15309.58,15413.26,15026.55,15074.13
2021-04-05,15083.73,15113.81,14679.93,14816.32
2021-04-06,14830.07,14838.51,14486.27,14556.11
2021-04-07,14551.4,14936.95,14531,14883.89
2021-04-08,14927.45,15229.05,14908.07,15156.35
2021-04-09,15128.89,15142.16,14989.06,15133.36
2021-04-12,15110,15265.08,15058.45,15181.71
2021-04-13,15189.4,15349.3,15188.06,15294.7
2021-04-14,15261.5,15441.54,15228.54,15394.92
2021-04-15,15415.87,15601.19,15296.14,15399.26
2021-04-16,15366.31,15402.88,15214.97,15265.73
2021-04-19,15192.96,15442.89,15048.93,15379.63
2021-04-20,15296.22,15506.38,15132.93,15369.87
2021-04-21,15464.34,15515.61,15244.56,15288.26
2021-04-22,15266.63,15347.32,14934.6,14936.12
2021-04-23,14888.65,14915.18,14858.88,14888.14
2021-04-26,14874.78,14913.83,14754.08,14857.2
2021-04-27,14899.49,14931.29,14222.89,14357.39
2021-04-28,14408.39,14514.45,14180.6,14240.92
2021-04-29,14149.15,14268.47,14105.09,14148.24
2021-04-30,14148.24,14268.9,14132.56,14225.12
2021-05-03,14234.62,14370.68,13897.7,13923.76
2021-05-04,13999.96,14006.78,13681.62,13708.25
2021-05-05,13700.95,13747.71,13548.26,13626.85
2021-05-06,13726.14,13791.73,13671.88,13718.26
2021-05-07,13632.57,13883.31,13536.11,13858.48
2021-05-10,13792.22,13961.75,13775.89,13864.44
2021-05-11,13851.67,14040.29,13844.09,14021.15
2021-05-12,14053.06,14258.64,14023.44,14173.69
2021-05-13,14191.94,14222.85,14001.23,14052.93
2021-05-14,14012.24,14426.86,14002.64,14343.25
2021-05-17,14361.66,14408.68,14236.88,14280.63
2021-05-18,14310.09,14442.42,14248.26,14396.26
2021-05-19,14396.96,14410.51,14183.43,14318.16
2021-05-20,14349.36,14441.87,14319.33,14388.72
2021-05-21,14438.16,14474.18,14316.94,14346.21
2021-05-24,14393.23,14562.75,14333.7,14339.04
2021-05-25,14421.95,14577.49,14050.34,14138.92
2021-05-26,14209.13,14264.47,14157.31,14225.93
2021-05-27,14230.9,14318.88,14138.33,14185.73
2021-05-28,14177.02,14515.69,14169.27,14340.35
2021-05-31,14354.38,14509.12,14328.54,14435.69
2021-06-01,14387.43,14694.41,14386.64,14666.41
2021-06-02,14716.86,14737.66,14509.4,14574.61
2021-06-03,14622.17,14681.22,14588.36,14631.61
2021-06-04,14545.33,14740.24,14503.85,14671.74
2021-06-07,14658.89,14930.04,14568.27,14867.47
2021-06-08,14923.22,15066.4,14874.1,14988.14
2021-06-09,15076.94,15219.98,15076.33,15217.31
2021-06-10,15294.87,15374.77,15273.64,15299.41
2021-06-11,15321.35,15537.59,15246.97,15443.07
2021-06-14,15489.92,15592.11,15418.36,15502.28
2021-06-15,15572.65,15662.08,15312.76,15335.98
2021-06-16,15362.63,15439.66,15335.23,15366.85
2021-06-17,15345.74,15618.01,15235.74,15564.76
2021-06-18,15615.71,15622.87,15405.69,15529.57
2021-06-21,15482.15,15756.79,15454.88,15611.05
2021-06-22,15557.02,15609.37,15524.13,15530.07
2021-06-23,15530.89,15728.79,15434.3,15648.95
2021-06-24,15715.54,15993.01,15549.95,15949.61
2021-06-25,15981.3,16135.23,15884.55,16132.35
2021-06-28,16165.05,16236.25,16059.44,16067.38
2021-06-29,16114.58,16137.36,15681.46,15694.89
2021-06-30,15714.66,15779.31,15581.17,15615.49
2021-07-01,15661.71,15780.04,15538.27,15766.8
2021-07-02,15922.05,16023.29,15775.31,15818.92
2021-07-05,15769.25,15822.18,15534.67,15642.2
2021-07-06,15577.72,15826.24,15403.48,15705.85
2021-07-07,15687.51,16095.97,15622.21,16074.13
2021-07-08,16087.11,16235.95,16043.78,16157.47
2021-07-09,16214.66,16573.88,16132.18,16547.98
2021-07-12,16609.05,16953.83,16577.54,16926.01
2021-07-13,16892.99,17114.26,16887.5,17029.45
2021-07-14,17049.32,17111.46,16716.75,16783.97
2021-07-15,16766.21,17327.36,16683.94,17273.27
2021-07-16,17196.62,17690.98,17195.36,17676.03
2021-07-19,17730.88,17796.1,17315.86,17377.26
2021-07-20,17320.28,17444.96,17249.25,17393.66
2021-07-21,17368.1,17434.13,17273.91,17376.82
2021-07-22,17389.33,17445.11,17097.79,17121.18
2021-07-23,17183.23,17233.16,17182.58,17229.34
2021-07-26,17248,17355.19,16689.67,16849.56
2021-07-27,16913.07,17067.36,16808.23,17022.37
2021-07-28,16979.64,17274.74,16835.46,17188.46
2021-07-29,17166.19,17427.43,17129.89,17406.88
2021-07-30,17404.16,17480.7,17356.89,17391.34
2021-08-02,17402.44,17466.79,17247.15,17302.91
2021-08-03,17281.19,17408.17,17242.97,17327.67
2021-08-04,17355.59,17422.08,17319.31,17414.4
2021-08-05,17478.94,17544.98,17357.16,17366.23
2021-08-06,17478.49,17508.26,17380.94,17381.07
2021-08-09,17396.72,17491.42,17342.39,17436.11
2021-08-10,17468.85,17490.86,17327.83,17381.4
2021-08-11,17324.15,17481.3,17316.89,17441.83
2021-08-12,17505.61,17524.45,16992.57,17032.25
2021-08-13,17012.63,17139.98,16677.68,16824.27
2021-08-16,16895.72,16942.57,16809.33,16853.49
2021-08-17,16882.25,16972.45,16860.22,16890.92
2021-08-18,16928.11,16946.54,16792.7,16834.57
2021-08-19,16794.01,16859.27,16575.05,16602.35
2021-08-20,16570.57,16676.62,16374.37,16476.63
2021-08-23,16543.47,16562.22,16351.08,16473.84
2021-08-24,16405.43,16541.49,16186.99,16299.39
2021-08-25,16227.41,16779.13,16220.96,16576.96
2021-08-26,16479.37,16656.74,16440.93,16630.3
2021-08-27,16628.37,16719.32,16552.19,16626
2021-08-30,16650.81,16670.46,16301.5,16304.89
2021-08-31,16278.94,16400.26,16271.12,16398.77
2021-09-01,16500.69,16658.17,16373.68,16517.02
2021-09-02,16507.49,16857.12,16496.66,16811.64
2021-09-03,16862.47,16914.65,16575.07,16699.55
2021-09-06,16733.25,16762.03,16670.92,16713.11
2021-09-07,16660.46,16873.29,16633.44,16837.03
2021-09-08,16863.35,17035.2,16617.06,16678.62
2021-09-09,16685.46,17073.08,16605.01,17046.24
2021-09-10,17066.75,17067.16,17014.02,17065.53
2021-09-13,17144.37,17406.51,17130.29,17316.36
2021-09-14,17233.28,17293.28,16924.97,16959.64
2021-09-15,16905.63,17069.06,16531.19,16603.87
2021-09-16,16630.03,16764.47,16605.21,16681.93
2021-09-17,16732,16897.12,16483.85,16555.12
2021-09-20,16613.32,16687.22,16445.84,16446.39
2021-09-21,16428.94,16470.76,15801.86,15853.95
2021-09-22,15872.97,16090.17,15820.85,16020.53
2021-09-23,16064.07,16290.59,15982.7,16279.22
2021-09-24,16282.55,16587.83,16249.15,16439.42
2021-09-27,16437.8,16570.26,16390.49,16469.12
2021-09-28,16513.03,17024.22,16502.38,16915.26
2021-09-29,16975.29,17090.67,16972.53,17018.06
2021-09-30,16911.19,17105.79,16807.39,16931.31
2021-10-01,16945.18,16998.44,16748.54,16794.42
2021-10-04,16760.12,16819.07,16542.23,16600.94
2021-10-05,16618.78,16779.25,15949.47,15969.36
2021-10-06,15946.59,16181.78,15928.43,16120.97
2021-10-07,16144.9,16344.82,16101.02,16223.15
2021-10-08,16179.34,16359,16144.64,16354.09
2021-10-11,16362.08,16491.54,16274.04,16431
2021-10-12,16495.87,16614.61,16436.99,16537.28
2021-10-13,16592.44,16841.62,16567.02,16765.32
2021-10-14,16640.31,17015.95,16537.36,16941.93
2021-10-15,16827.34,17183.98,16797.75,16941.08
2021-10-18,16886.8,16979.53,16847.59,16975.64
2021-10-19,16976.36,16987.47,16794.04,16878.44
2021-10-20,16912.16,17216.79,16893.41,17196.55
2021-10-21,17104.34,17216.33,16897.74,16974.28
2021-10-22,17124.08,17162.73,16902.78,16948.49
2021-10-25,16927.45,17028.67,16789.36,16850.09
2021-10-26,16938.39,16989.32,16307.81,16333.74
2021-10-27,16424.54,16687.83,16304.62,16427.6
2021-10-28,16544.21,16696.36,16422.27,16653.02
2021-10-29,16630.13,16695.14,16146.93,16256.79
2021-11-01,16289.19,16414.69,16238.78,16328.55
2021-11-02,16410.6,16423.7,16109.4,16146.11
2021-11-03,16048.7,16296.81,16015.83,16191.72
2021-11-04,16230.15,16538.55,16211.31,16440.69
2021-11-05,16433.43,16838.82,16424.67,16765.97
2021-11-08,16705.97,16958.34,16639.09,16878.55
2021-11-09,16788.08,16942.06,16752.11,16851.9
2021-11-10,16895.6,17163.31,16879.83,17141.57
2021-11-11,17046.46,17091.47,16955.65,17083.21
2021-11-12,17152.65,17182.77,16497.05,16529.84
2021-11-15,16628.78,16639.3,16396.34,16473.08
2021-11-16,16556.9,16924.22,16441.93,16890.91
2021-11-17,16892.79,17117.82,16876.96,16988.34
2021-11-18,16866.61,16872.47,16795.92,16824.49
2021-11-19,16799.2,17179.54,16705.43,17177.13
2021-11-22,17179.89,17418.88,17145.41,17404.22
2021-11-23,17480.31,17578.32,17278.91,17425.91
2021-11-24,17513.63,17529.97,16703.75,16770.88
2021-11-25,16748.36,17097.09,16653.9,16986.95
2021-11-26,16883.73,17021.01,16821.38,17006.93
2021-11-29,17048.56,17538.63,16960.65,17438.59
2021-11-30,17350.3,17422.4,17278.15,17372.59
2021-12-01,17281.79,17679.9,17260.8,17640.25
2021-12-02,17623.91,17645.52,17239.14,17255.74
2021-12-03,17136.65,17572.95,17122.64,17506.28
2021-12-06,17515.66,17584.3,17514.27,17551.72
2021-12-07,17574.14,17925.16,17553.36,17911.23
2021-12-08,17912.27,18160.66,17888,18101.99
2021-12-09,18075.45,18293.32,18053.81,18270.39
2021-12-10,18309.19,18414.89,17992.59,18071.6
2021-12-13,18040.01,18196.45,18001.84,18184.71
2021-12-14,18147,18183.12,17585.48,17622.19
2021-12-15,17648.73,17733.19,17237.26,17372.93
2021-12-16,17415.99,17663.48,17317.69,17662.99
2021-12-17,17599.88,17839.97,17494.34,17738.82
2021-12-20,17787.03,17845.9,17156.23,17225.97
2021-12-21,17252.8,17271.58,16993.78,17071.09
2021-12-22,17101.16,17417.76,17053.76,17255.05
2021-12-23,17367.33,17446.52,17160.7,17321.08
2021-12-24,17257.16,17321.25,17211.13,17304.85
2021-12-27,17426.26,17442.53,17231.99,17340.79
2021-12-28,17283.89,17395.69,17195.93,17219.72
2021-12-29,17227.75,17498.15,17186.78,17412.18
2021-12-30,17481.9,17983.19,17446.61,17885.26
2021-12-31,17917.49,18348.99,17904.93,18293.28
2022-01-03,18264.72,18343.91,17876.14,17933.54
2022-01-04,18058.76,18084.79,17731,17780.26
2022-01-05,17890.43,17975.51,17714.3,17769.32
2022-01-06,17804.17,17832.49,17605.89,17665.83
2022-01-07,17775.51,17796.1,17700.92,17739.52
2022-01-10,17682.49,18052.68,17673.7,18024.65
2022-01-11,18122.76,18179.48,17746.94,17775.74
2022-01-12,17719.85,17902.56,17694.24,17845.9
2022-01-13,17786.07,17884.81,17615.81,17835.2
2022-01-14,17984.51,18003.73,17315.06,17343.9
2022-01-17,17393.25,17421,17296.87,17413.29
2022-01-18,17494.06,17608.55,17255.29,17418.74
2022-01-19,17354.36,17401.08,17343.85,17356.86
2022-01-20,17455.61,17682.12,17235.37,17566.42
2022-01-21,17566.44,17665.4,17220.12,17266.65
2022-01-24,17205.19,17252.35,17062.62,17092.89
2022-01-25,17171.38,17266.16,16589.75,16635.13
2022-01-26,16724.97,16790.06,16387.6,16446.91
2022-01-27,16436.8,16533.3,16325.73,16492.13
2022-01-28,16542.81,16651.82,16151.68,16172.35
2022-01-31,16047.94,16055.33,15982.16,16036.86
2022-02-01,16056.26,16157.18,16053.63,16066.08
2022-02-02,16071.45,16117.67,15947.77,16010.4
2022-02-03,16042.73,16053.49,15723.79,15771.2
2022-02-04,15769.33,15878.99,15701.42,15798.11
2022-02-07,15722.16,15778.74,15592.53,15597.2
2022-02-08,15667.42,16114.16,15542.6,16104.85
2022-02-09,16209.69,16322.98,15970.13,16014.34
2022-02-10,16014.22,16141.53,15967.62,16073.34
2022-02-11,16172.23,16177.96,15980.4,16062.06
2022-02-14,16074.34,16120.92,16056.11,16062.83
2022-02-15,16162.48,16335.09,16125.42,16250.56
2022-02-16,16269.53,16439.29,16170.04,16377.03
2022-02-17,16415.58,16575.03,16225.94,16371.16
2022-02-18,16420.04,16523.65,16401.38,16518.23
2022-02-21,16555.94,16590.53,16321.93,16395.84
2022-02-22,16363.13,16404.28,16329.76,16376.41
2022-02-23,16339.87,16460.8,16105.64,16449.82
2022-02-24,16515.84,16572.99,16378.01,16392.53
2022-02-25,16328.04,16408.34,15908.11,16019.44
2022-02-28,15954.97,16430.16,15901.01,16426.48
2022-03-01,16445.17,16486.21,16366.44,16430.61
2022-03-02,16449.76,16556.57,16302.16,16317.11
2022-03-03,16285.1,16480,16251.57,16402.09
2022-03-04,16378.92,16568.4,16301.49,16502.92
2022-03-07,16325.23,16392.45,15974.43,15993.74
2022-03-08,15926.99,16191.8,15808.57,16144.31
2022-03-09,16171.76,16306.1,15926.85,16012.81
2022-03-10,15983.36,16099.08,15595.03,15686.87
2022-03-11,15688.98,15839.61,15531.78,15741.87
2022-03-14,15783.27,15856.79,15641.51,15838.11
2022-03-15,15770.99,15850.42,15756.44,15827.85
2022-03-16,15844.09,15936.08,15680.79,15707.51
2022-03-17,15722.55,15762.23,15378.14,15405.26
2022-03-18,15511.75,15617.5,15265.6,15334.32
2022-03-21,15300.65,15322.32,15171.85,15212.86
2022-03-22,15206.92,15270.62,15053.53,15062.98
2022-03-23,15004.14,15644.84,14853.28,15479.3
2022-03-24,15476.94,15487.88,15408.26,15466.41
2022-03-25,15514.18,15641.72,15271.34,15400.62
2022-03-28,15396.69,15444.34,15351.35,15421.21
2022-03-29,15373.7,15657.57,15344.55,15549.52
2022-03-30,15405.49,15689.06,15284.49,15670.83
2022-03-31,15718.01,15960.73,15688.5,15949.86
2022-04-01,15857.05,16005.35,15811.45,15998.48
2022-04-04,16029.59,16123.48,15887.3,15919.64
2022-04-05,16036.25,16178.87,15839.5,15922.55
2022-04-06,15961.6,16036.88,15754.47,15978.03
2022-04-07,15961.34,16048.77,15942.42,15943.55
2022-04-08,15893.71,16076.17,15835.81,16045.65
2022-04-11,15961.45,16124.04,15907.08,15958.67
2022-04-12,15969.27,16147.17,15624.8,15646.95
2022-04-13,15668.4,15945.93,15533.4,15917.88
2022-04-14,15957.1,16147.36,15913.45,16038.09
2022-04-15,16036.52,16260.86,15719.46,16248.19
2022-04-18,16367.19,16432.75,15905.28,15921.79
2022-04-19,15859.59,15893.91,15582.66,15594.86
2022-04-20,15573.55,15858.43,15450.78,15800.44
2022-04-21,15809.86,15825.62,15400.13,15517.82
2022-04-22,15481.7,15846.08,15471.95,15648.7
2022-04-25,15573.14,15768.02,15476.17,15563.01
2022-04-26,15561.83,15589.36,14918,14980.16
2022-04-27,14956.43,15087.53,14955.32,14987.06
2022-04-28,15052.19,15150.94,15000.34,15035.53
2022-04-29,14968.69,15164.84,14924.79,15141.73
2022-05-02,15152.85,15263.12,15138.12,15228.95
2022-05-03,15295.43,15571.17,15267.02,15524.09
2022-05-04,15513.74,15560.84,15378.29,15468.26
2022-05-05,15490.99,15588.3,15356.2,15371.94
2022-05-06,15311.67,15322.54,15054.73,15069.03
2022-05-09,15121.34,15444.86,15080.34,15372.33
2022-05-10,15282.49,15446.06,15258.64,15384.17
2022-05-11,15349.92,15568.63,15324,15496.31
2022-05-12,15415.74,15435.94,15327.77,15401.98
2022-05-13,15402.26,15547.83,15344.48,15498.2
2022-05-16,15459.79,15520.14,15336.56,15379.5
2022-05-17,15387.65,15456.65,14739.2,14923.15
2022-05-18,14925.93,15496.29,14919.94,15493.7
2022-05-19,15565.39,15663.31,15372.11,15444.48
2022-05-20,15574.02,15601.24,15540.7,15592.9
2022-05-23,15515.7,15543.17,15238.07,15288.48
2022-05-24,15258.58,15362.57,15208.84,15343.8
2022-05-25,15295.06,15300.11,15042.89,15048.46
2022-05-26,14958.65,15116.7,14854.1,15034.6
2022-05-27,15037.82,15134.92,14995.43,15113.69
2022-05-30,15137.28,15159.31,15028.79,15155.96
2022-05-31,15205,15266.18,15019.13,15145.72
2022-06-01,15015.26,15227.63,14931.8,15181.33
2022-06-02,15240.15,15329.95,15223.26,15310.49
2022-06-03,15203.43,15850.64,15016.4,15771.81
2022-06-06,15731.89,15878.02,15712.7,15849.3
2022-06-07,15915.26,16323.47,15886.43,16232.49
2022-06-08,16186.88,16357.81,16131.66,16291.95
2022-06-09,16371.06,16446,15831.12,15903.58
2022-06-10,15944.37,16003.29,15753.12,15830.57
2022-06-13,15790.99,15876.49,15652.03,15851.5
2022-06-14,15854.32,16142,15785.28,16124.36
2022-06-15,16071.43,16104.88,15838.5,15911.76
2022-06-16,15943.49,15949.48,15662.99,15698.12
2022-06-17,15728.46,16132.08,15633.53,16023.98
2022-06-20,15999.55,16073.44,15880.33,15927.87
2022-06-21,15982.8,16037.68,15774.89,15930.9
2022-06-22,15866.42,15877.75,15589.39,15698.55
2022-06-23,15737.68,15759.37,15622.44,15752.54
2022-06-24,15660.22,15866.62,15542.77,15791.95
2022-06-27,15821.08,15841.88,15781.81,15790.7
2022-06-28,15772.99,15866.81,15741.22,15799.82
2022-06-29,15739.41,15811.58,15422.74,15448.42
2022-06-30,15528.16,15678.15,15509.68,15579.05
2022-07-01,15519.08,15840.3,15377.7,15838.37
2022-07-04,15830.03,15953.8,15174.53,15198.03
2022-07-05,15222.33,15519.98,15099.05,15371.97
2022-07-06,15330.36,15359.53,15226.42,15245.3
2022-07-07,15189.89,15426.8,15131.94,15247.69
2022-07-08,15250.85,15361.16,14971.92,15016.81
2022-07-11,15065.12,15115.08,14839.09,14895.84
2022-07-12,14875.16,14942.47,14783.4,14927.59
2022-07-13,15089.16,15133.59,14920.29,14963.84
2022-07-14,14893.79,14894.81,14697.84,14701.98
2022-07-15,14673.69,14865.55,14549.79,14784.77
2022-07-18,14804.65,14843.64,14760.23,14835.11
2022-07-19,14830.98,14896.08,14719.45,14839.84
2022-07-20,14807.55,15015.4,14759.24,14807.86
2022-07-21,14791.52,14816.45,14695.13,14710.15
2022-07-22,14677.11,14761.12,14424.11,14489.37
2022-07-25,14528.37,14594.03,14488.35,14541.02
2022-07-26,14572.2,14837.28,14569.47,14750.27
2022-07-27,14746.66,15076.13,14620.62,14962.91
2022-07-28,15027.13,15120.18,15007.18,15032.64
2022-07-29,15028.8,15128.37,15018.46,15107.39
2022-08-01,15108.3,15388.63,15001.66,15352.49
2022-08-02,15374.54,15409.14,15203.45,15311.24
2022-08-03,15246.03,15800.18,15229.94,15730.51
2022-08-04,15719.25,15928.68,15713.77,15862.33
2022-08-05,15906,15943.15,15762.69,15845.5
2022-08-08,15828.62,15944.75,15713.82,15723.65
2022-08-09,15715.15,15772.14,15537.95,15700.11
2022-08-10,15683.59,15714.53,15471.1,15583.21
2022-08-11,15595.26,15811.93,15521.87,15652.65
2022-08-12,15843.7,15845.92,15776.06,15839.37
2022-08-15,15936.73,16017.88,15756.36,15884.13
2022-08-16,15843.13,15881.76,15718.52,15850.6
2022-08-17,15856.91,15906.98,15527.16,15611.17
2022-08-18,15621.2,15627.58,15400.07,15514.65
2022-08-19,15492,15555.23,15283.73,15398.58
2022-08-22,15422.02,15470.93,15345.39,15459.05
2022-08-23,15504.25,15835.49,15454.27,15742.95
2022-08-24,15757.49,15871.49,15667.24,15696.55
2022-08-25,15674.24,15800.97,15571.88,15599.25
2022-08-26,15595.27,15760.17,15413.84,15690.85
2022-08-29,15696.41,15710.83,15455.12,15531.4
2022-08-30,15419.47,15454.13,15289.96,15431.15
2022-08-31,15382.94,15511.41,15242.06,15426.94
2022-09-01,15400.71,15718.79,15278.79,15603.4
2022-09-02,15821.45,15895.54,15710.95,15800.65
2022-09-05,15859.3,15904.06,15685.7,15707.89
2022-09-06,15718.68,15767.04,15680.74,15758.35
2022-09-07,15711.74,15769.47,15700.14,15744.67
2022-09-08,15673.38,16107.01,15642.33,15994.23
2022-09-09,15982.89,16083.57,15904.86,16022.9
2022-09-12,16057.69,16219.29,15887.73,16147.84
2022-09-13,16161.84,16677.29,16108.59,16525.98
2022-09-14,16505.22,16550.48,16287.71,16298.76
2022-09-15,16306.93,16343.67,15934.27,15971.76
2022-09-16,16027.1,16107.78,15973.9,15991.27
2022-09-19,15954.46,16037.69,15712.26,15882.37
2022-09-20,15859.46,16483.12,15785.36,16387.64
2022-09-21,16409.17,16439.23,16325.64,16421.14
2022-09-22,16411.85,16445.57,16332.6,16428.32
2022-09-23,16504.66,16533.41,16501.55,16519.09
2022-09-26,16446.22,16711.97,16380.72,16553.14
2022-09-27,16573.66,16827.37,16557.19,16779.85
2022-09-28,16701.76,16823.09,16621.22,16690.89
2022-09-29,16673.59,16728.59,15978.64,16015.48
2022-09-30,16034.26,16152.2,15986,16127.14
2022-10-03,16060.22,16067.04,15897.48,15981.85
2022-10-04,15980.18,16014.96,15954.43,15994.01
2022-10-05,16059.54,16205.35,15920,16085.52
2022-10-06,16068.78,16370.7,15825.59,16235.06
2022-10-07,16110.13,16425.98,16089.07,16349.43
2022-10-10,16399.14,16494.54,16129.19,16155.18
2022-10-11,16164.1,16246.54,16024.36,16209.48
2022-10-12,16305.45,16376.82,15781.77,15887.99
2022-10-13,15902.15,15916.52,15262.48,15369.46
2022-10-14,15318.49,15707.44,15300.1,15634.04
2022-10-17,15611.61,15614.64,15423.19,15445.41
2022-10-18,15513.22,15522.38,15351.6,15427.94
2022-10-19,15443.34,15490.4,15016.05,15023.15
2022-10-20,15078.2,15338.82,15028.71,15332.29
2022-10-21,15427.98,15502.29,15050.33,15079.18
2022-10-24,14963.92,15116.84,14936.61,15086.72
2022-10-25,15026.82,15354.35,14955.37,15326.95
2022-10-26,15342.03,15396.7,15305.98,15345.56
2022-10-27,15251.85,15445.25,15178.97,15256.21
2022-10-28,15242.53,15507.81,15127,15426.86
2022-10-31,15439.3,15601.49,15342.27,15352.26
2022-11-01,15299.07,15430.9,15201.12,15368.48
2022-11-02,15415.97,15441.5,15063.47,15233.61
2022-11-03,15173.68,15297.76,15036.78,15238.7
2022-11-04,15244.15,15575.12,15221.74,15568.59
2022-11-07,15468.73,15601.59,15026.37,15041.6
2022-11-08,15005.15,15308.28,14851.6,15272.82
2022-11-09,15298.42,15388.31,15204.48,15274.29
2022-11-10,15152.45,15361.89,15093.57,15337
2022-11-11,15393,15519.19,15230.9,15345.05
2022-11-14,15431.6,15488.34,15390.82,15439.19
2022-11-15,15307.69,15444.96,15303.03,15440.68
2022-11-16,15413.59,15702.11,15380.51,15564.03
2022-11-17,15536.89,15799.69,15445.51,15790.68
2022-11-18,15697.93,15944.54,15688.59,15926.91
2022-11-21,15903.8,16064.93,15872.03,16028.26
2022-11-22,16009.43,16180.35,15977.77,16030.74
2022-11-23,16037.73,16375.47,15901.64,16296.37
2022-11-24,16294.35,16531.14,16261.27,16511.06
2022-11-25,16544.48,16585.97,16488.74,16498.72
2022-11-28,16459.61,16568.73,16401.79,16421.15
2022-11-29,16388.9,16601.38,16240.85,16508.28
2022-11-30,16694.16,16740.55,16344.49,16412.16
2022-12-01,16481.98,16550.31,16441.96,16456.9
2022-12-02,16498.68,16511.57,16255.77,16279.6
2022-12-05,16207.11,16228.3,15958.49,15967.87
2022-12-06,15999.18,16051.35,15767.83,15832.45
2022-12-07,15822.86,15835.35,15647.79,15649.8
2022-12-08,15549.98,15639.04,15430.83,15575.62
2022-12-09,15637.27,15706.65,15555,15570
2022-12-12,15587.01,15634.92,15263.61,15327.48
2022-12-13,15244.77,15262.01,14684.11,14831.74
2022-12-14,14934.74,14974.23,14764.78,14828.32
2022-12-15,14860.69,14948.4,14845.56,14947.26
2022-12-16,14991.45,15421.09,14964.6,15320.62
2022-12-19,15368.05,15542.75,15367.1,15491.97
2022-12-20,15528.96,15550.99,15360.95,15452.46
2022-12-21,15551.59,15615.16,15327.32,15389.99
2022-12-22,15337.6,15449.12,15321.13,15349.11
2022-12-23,15397.89,15747.76,15310.89,15683.96
2022-12-26,15647.76,15666.83,15055.39,15124.82
2022-12-27,14958.49,15375.49,14866.01,15374.64
2022-12-28,15356.71,15655.88,15323.37,15603.73
2022-12-29,15627.61,15859.71,15564.17,15793.51
2022-12-30,15823.57,15898.82,15736.85,15750.73
2023-01-02,15764.93,15813.26,15643.83,15648.34
2023-01-03,15566.89,15782.78,15403.54,15661.9
2023-01-04,15755.01,15859.61,15563.21,15698.53
2023-01-05,15769.01,15812.29,15657.93,15703.63
2023-01-06,15758.68,15839.54,15332.45,15364.81
2023-01-09,15380.77,15547.31,15306.81,15502.83
2023-01-10,15546.67,15911.41,15415.92,15799.06
2023-01-11,15838.61,15896.4,15429.13,15573.76
2023-01-12,15572.23,15582.54,15225.73,15338.66
2023-01-13,15306.79,15752.22,15255.27,15662.05
2023-01-16,15633,15795.25,15212.04,15233.12
2023-01-17,15239.76,15273.72,15060.89,15129.56
2023-01-18,15084.72,15277.24,15081.64,15098.53
2023-01-19,15080.54,15393.53,14943.49,15363.78
2023-01-20,15362.75,15455.78,15205.28,15454.88
2023-01-23,15358.43,15414.07,14859.3,15039.01
2023-01-24,14992.59,15308.22,14981.45,15250.72
2023-01-25,15243.07,15290.25,15169.4,15180.34
2023-01-26,15094.78,15192.62,14955.51,15000.6
2023-01-27,15048.35,15128.56,14876.5,14917.68
2023-01-30,14945.9,15161.72,14872.66,14957.77
2023-01-31,14911.03,15008.82,14828.17,14982.4
2023-02-01,14936.06,15353.22,14872.37,15298.53
2023-02-02,15346.42,15371.69,15284.4,15365.69
2023-02-03,15413.92,15586.29,15081.72,15184.59
2023-02-06,15132.64,15134.69,15092.59,15131.66
2023-02-07,15121.45,15313.12,15086.43,15224.91
2023-02-08,15263.9,15477.42,15247.54,15340.58
2023-02-09,15401.56,15510.26,15108.8,15212.46
2023-02-10,15186.93,15304.87,15010.74,15260.95
2023-02-13,15185.16,15324.58,15130.84,15320.39
2023-02-14,15257.3,15354.9,15030.29,15075.4
2023-02-15,14932.96,15390.26,14897.85,15242.61
2023-02-16,15327.67,15440.62,14591.56,14638.87
2023-02-17,14685.59,14784.66,14623.65,14695.76
2023-02-20,14715.94,14893.47,14679.95,14866.94
2023-02-21,14857.06,14960.9,14707.77,14817.28
2023-02-22,14890.75,14950.46,14471.95,14593.06
2023-02-23,14683.57,15013.26,14619.45,15012.55
2023-02-24,15036.1,15137.4,14892.28,14956.83
2023-02-27,15009.46,15164.29,14896.02,15145.99
2023-02-28,15130.99,15178.25,14927.72,15120.43
2023-03-01,15072.46,15204.95,14959.83,15186.31
2023-03-02,15234.08,15527.46,15168.86,15439.39
2023-03-03,15414.84,15818.62,15374.28,15778.48
2023-03-06,15779.12,15860.32,15548.44,15599.82
2023-03-07,15675.32,15786.03,15572.05,15615.95
2023-03-08,15696.37,15768.84,15555.05,15633.07
2023-03-09,15621.51,15870.63,15528.87,15775.93
2023-03-10,15742.3,15864.59,15541.49,15628.56
2023-03-13,15664.89,15677.11,15246.67,15315.94
2023-03-14,15252.59,15768.62,15140.14,15644.27
2023-03-15,15597.44,15669.85,15309.69,15377.82
2023-03-16,15398.02,15525.75,15350.46,15521.75
2023-03-17,15416,15481.83,15406.4,15470.63
2023-03-20,15508.72,15597.56,15303.55,15528.36
2023-03-21,15501,15560.77,15457.1,15556.89
2023-03-22,15653.57,15705.1,15489.42,15504.43
2023-03-23,15503.7,15517.92,15377.38,15494.46
2023-03-24,15591.93,15793.55,15563.7,15695.54
2023-03-27,15608.9,16025.13,15578.59,15817.89
2023-03-28,15750.71,16272.07,15739.48,16151.35
2023-03-29,16299.53,16525.95,16260.2,16493.17
2023-03-30,16508.58,16849.31,16452.72,16763.02
2023-03-31,16753.76,16881.03,16376.58,16473.87
2023-04-03,16503.54,16613.52,16394.68,16571.8
2023-04-04,16521.75,16626.43,16496.03,16585.76
2023-04-05,16511.41,16634.64,16428.92,16600.97
2023-04-06,16576.75,16600.65,16537.27,16538.19
2023-04-07,16517.2,16795.51,16484.24,16750.29
2023-04-10,16680.98,16837.65,16643.67,16833.73
2023-04-11,16792.53,17286.68,16726.65,17207.09
2023-04-12,17212.27,17424.1,17208.19,17371
2023-04-13,17278.8,17925.99,17238.43,17863.99
2023-04-14,17756.22,17866.83,17622.61,17856.53
2023-04-17,17853.88,18205.86,17771.13,18139.96
2023-04-18,18116.25,18248.11,17991.38,18097.04
2023-04-19,18230.33,18284.39,18013,18067.59
2023-04-20,18080.79,18293.36,17762.44,17944.6
2023-04-21,18023.4,18283.48,17926.06,18196.2
2023-04-24,18123.11,18199.48,18030.47,18191.35
2023-04-25,18168.38,18277.21,17894.15,18022.49
2023-04-26,18014.41,18144.06,17629.24,17678.6
2023-04-27,17805.05,17931.6,17749.67,17838.91
2023-04-28,17910.3,18094.52,17775.62,17819.02
2023-05-01,17798.67,17982.44,17609.75,17715.36
2023-05-02,17723.94,17747.33,17531.2,17610.28
2023-05-03,17649.9,17714.82,17423.01,17541.44
2023-05-04,17602.76,17675.86,17195.24,17279.56
2023-05-05,17377.92,17694.82,17271.98,17688.89
2023-05-08,17687.18,17725.65,17667.06,17703.19
2023-05-09,17689.2,17745.73,17585.12,17625.16
2023-05-10,17724.33,17727.03,17364.8,17515.22
2023-05-11,17407.41,17624.72,17355,17558.41
2023-05-12,17569.58,17656.25,17444.12,17572.45
2023-05-15,17547.01,17563.49,17422.99,17424.79
2023-05-16,17473.6,17570.75,17451.78,17489.11
2023-05-17,17476.09,17796,17474.05,17740.69
2023-05-18,17809.41,17959.72,17702.22,17708.63
2023-05-19,17692.43,17786.51,17529.72,17558.46
2023-05-22,17514.63,17636.62,17316.6,17588.75
2023-05-23,17466.47,17706.02,17417.01,17648.99
2023-05-24,17686.69,17705.98,17254.93,17318.58
2023-05-25,17258.79,17343.46,17144.28,17176.86
2023-05-26,17165.1,17213.28,16707.62,16829.67
2023-05-29,16919.23,16940.48,16815.95,16892.07
2023-05-30,16841.81,16993.96,16823.44,16965.37
2023-05-31,16993.4,17082.99,16798.57,16882.46
2023-06-01,16784.66,17063.82,16677.98,16986.69
2023-06-02,16969.14,17104.49,16957.19,17045.39
2023-06-05,16918.13,17019.32,16865.7,16965.71
2023-06-06,16936.4,17304.75,16910.01,17268.02
2023-06-07,17140.98,17486.34,16986.49,17428.59
2023-06-08,17580.36,17751.22,17441.91,17482.25
2023-06-09,17430.27,17483.87,16916.35,16950.71
2023-06-12,16828.25,17277.55,16815.98,17197.84
2023-06-13,17051.66,17390.04,16978.18,17237.99
2023-06-14,17228.73,17233.73,17181.09,17193.42
2023-06-15,17208.52,17407.45,17084.67,17347.84
2023-06-16,17396.34,17403.34,17325.12,17368.46
2023-06-19,17396.47,17537.37,17346.19,17525.82
2023-06-20,17468.82,17742.84,17445.68,17614.27
2023-06-21,17647.97,17814.06,17574.19,17792.79
2023-06-22,17817.78,17896.46,17589.63,17663.64
2023-06-23,17565.32,17637.18,17484.97,17608.11
2023-06-26,17610.47,17915.11,17494.47,17894.9
2023-06-27,17836.82,17959.01,17784.52,17940.47
2023-06-28,17809.76,18135.94,17576.06,18111.4
2023-06-29,18035.64,18228.86,17957.39,17975.3
2023-06-30,18028.89,18419.12,17937.91,18407.87
2023-07-03,18555.1,18612.74,18128.12,18270.04
2023-07-04,18238.52,18347.99,18125.32,18142.22
2023-07-05,18174.35,18217.95,18127.3,18200.76
2023-07-06,18235.83,18519.87,18232.74,18382.42
2023-07-07,18345.69,18407.53,18227.72,18331.4
2023-07-10,18424.52,18722.55,18408.17,18683.09
2023-07-11,18638.32,18751.29,18502.61,18679.61
2023-07-12,18782.33,18848.18,18117.86,18212.89
2023-07-13,18135.42,18343.18,18125.67,18273
2023-07-14,18200.77,18329.29,18167.23,18226.56
2023-07-17,18188.46,18192.51,18163.34,18182.53
2023-07-18,18144.06,18311.3,17869.19,17912.33
2023-07-19,17955.11,18037.7,17677.49,17830.07
2023-07-20,17784.29,18638.08,17771.6,18529.04
2023-07-21,18496.32,18621.55,18435.04,18609.49
2023-07-24,18610.25,18679.22,18120.21,18268.68
2023-07-25,18248.07,18369.86,18153.15,18195.42
2023-07-26,18206.85,18402.42,18166.55,18396.8
2023-07-27,18345.29,18522.77,18315.32,18421.44
2023-07-28,18517.95,18917.53,18495.67,18845.82
2023-07-31,18859.07,19091.34,18773.79,18861.99
2023-08-01,18745.52,18784.47,18684.43,18706.67
2023-08-02,18719.13,18768.47,18479.3,18495.12
2023-08-03,18504.93,18589.45,18374.1,18416.11
2023-08-04,18235.53,18584.74,18155.63,18552.74
2023-08-07,18572.26,18637.17,18407.01,18509.67
2023-08-08,18426.47,18763.63,18398.1,18682.44
2023-08-09,18676.13,18779.36,18659.66,18712.54
2023-08-10,18576.79,18690.86,18517.46,18668.87
2023-08-11,18649.08,18721.62,18429.29,18580.36
2023-08-14,18593.83,18826.92,18577.54,18743.52
2023-08-15,18833.53,18870.35,18707.99,18740.27
2023-08-16,18699.15,18790.69,18585.5,18639.7
2023-08-17,18660.75,18712.53,18156.12,18257.53
2023-08-18,18256.1,18262.34,17876.72,17892.72
2023-08-21,17953.98,18174.19,17767.84,18043.77
2023-08-22,18115.39,18163.26,17713.58,17848.84
2023-08-23,17844.5,18167.35,17801.27,18089.56
2023-08-24,18075.54,18487.53,18073.78,18472.24
2023-08-25,18488.05,18829.68,18306.11,18756.7
2023-08-28,18860.78,18919.84,18748.62,18782.14
2023-08-29,18755.4,18896.68,18682.25,18863
2023-08-30,18608.53,18917.69,18550.85,18904.65
2023-08-31,18819.22,18846.58,18053.03,18103
2023-09-01,18161.39,18311.91,18133.34,18259.06
2023-09-04,18173.39,18369.92,18158.93,18264.83
2023-09-05,18194.92,18310.63,17838.52,17849.92
2023-09-06,17828.77,17996.35,17160.12,17302.67
2023-09-07,17316.1,17765.22,17142.24,17624.53
2023-09-08,17704.99,17754.63,17621.21,17709.55
2023-09-11,17639.5,17722.78,17359.68,17474.75
2023-09-12,17600.6,17710.3,17477.57,17680.5
2023-09-13,17717.19,17947.26,17676.38,17828.53
2023-09-14,17867.65,17959.11,17599.1,17754.11
2023-09-15,17796.31,17967.35,17767.08,17901.83
2023-09-18,17998.03,18135.4,17891.77,18116.22
2023-09-19,18161.39,18459.47,18127.04,18399.86
2023-09-20,18399.85,18654.21,18046.06,18263.65
2023-09-21,18219.37,18278.05,18132.27,18201.99
2023-09-22,18244.89,18495.78,18236.88,18435.86
2023-09-25,18435.36,18645.4,18268.79,18635.08
2023-09-26,18607.17,18638.29,18484.74,18502.44
2023-09-27,18527.22,18535.53,18238.58,18401.08
2023-09-28,18341.38,18445.44,18278.11,18350.37
2023-09-29,18463.14,18662.43,18029.33,18141.36
2023-10-02,18055.56,18137.05,18008.63,18076.54
2023-10-03,18085.53,18274.18,17704.09,17941.64
2023-10-04,17936.87,18009.82,17818.66,17942.76
2023-10-05,17897.22,17973.83,17721.29,17877.38
2023-10-06,17915.83,17970.5,17868,17901.84
2023-10-09,17842.17,17863.97,17656.36,17747.75
2023-10-10,17661.14,17663.04,17597.03,17662.45
2023-10-11,17651.85,17778.35,17612.2,17693.64
2023-10-12,17610.44,17985.57,17533.21,17927.04
2023-10-13,17954.22,18157.87,17918.86,18096.36
2023-10-16,18053.35,18218,18010.71,18202.7
2023-10-17,18112.98,18190.57,18005.61,18169.44
2023-10-18,18192.64,18287.13,17426.54,17545.44
2023-10-19,17621.86,17773.62,17568.63,17714.77
2023-10-20,17586.58,18261.27,17521.41,18113.59
2023-10-23,18106.14,18295.09,17778.85,17999.05
2023-10-24,18056.63,18611.26,17998.92,18605.74
2023-10-25,18576.54,18921.59,18480.85,18804.28
2023-10-26,18746.7,19069.09,18737.23,19059.93
2023-10-27,18875.37,19379.66,18842.12,19177.75
2023-10-30,19075.09,19486.67,19055.52,19449.33
2023-10-31,19346.24,19763.89,19314.1,19647.4
2023-11-01,19667.09,19689.99,19492.73,19606.2
2023-11-02,19545.14,19717.12,19296.27,19708.8
2023-11-03,19771.34,19821.06,19550.34,19624.37
2023-11-06,19637.16,19693.93,18894.85,18895.41
2023-11-07,18842.47,19162.86,18797.57,19083.35
2023-11-08,18947.67,19248.99,18823.52,19186.31
2023-11-09,19108.28,19258.69,19024.1,19211.92
2023-11-10,19163.8,19570.63,19040.15,19468.06
2023-11-13,19402,19798,19283.45,19648.46
2023-11-14,19542.25,19649.72,19523.34,19596.82
2023-11-15,19550.43,19828.37,19543.12,19738.21
2023-11-16,19707.49,20082,19649.67,19915.5
2023-11-17,20009.31,20010.43,19707.9,19725.13
2023-11-20,19673.6,19834.93,19576.43,19801.97
2023-11-21,19797.65,20088.22,19779.81,20005.6
2023-11-22,20096.96,20160.81,19800.38,19843.12
2023-11-23,19960.96,20056.57,19910.79,20039.49
2023-11-24,20176.37,20302.05,20000.71,20050.11
2023-11-27,20001.28,20256.53,19910.88,20183.53
2023-11-28,20129.44,20215.23,19675.21,19737.55
2023-11-29,19785.06,19875.49,19451.6,19504.92
2023-11-30,19351.32,19699.69,19342.01,19642.52
2023-12-01,19691.48,19822.06,19234.05,19342.98
2023-12-04,19467.54,19735.55,19464.25,19686.25
2023-12-05,19589.93,19780.98,19488.12,19493.56
2023-12-06,19512.76,19577.71,18966.58,19021.66
2023-12-07,19173.2,19187.15,19042.18,19077.72
2023-12-08,19274.06,19431.02,18753.02,18787.15
2023-12-11,18781.26,18974.74,18623.17,18713.42
2023-12-12,18837.95,18931.71,18742.25,18747.4
2023-12-13,18853.4,18888.72,18693.32,18747.79
2023-12-14,18832.81,19072.28,18772.68,18986.77
2023-12-15,18729.11,19239.25,18718.47,19113.02
2023-12-18,19104.29,19312.78,19010.56,19276.18
2023-12-19,19144.73,19640.74,19061.59,19526.67
2023-12-20,19618.09,19684.6,19235.43,19244.5
2023-12-21,19199.71,19214.6,18889.49,19031.36
2023-12-22,19068.16,19322.01,19068.04,19283.56
2023-12-25,19272.64,19750.82,19230.23,19621.33
2023-12-26,19558.76,19803.27,19391.19,19623.24
2023-12-27,19749.25,19984.35,19724.45,19878.75
2023-12-28,19966.92,20016.98,19782.07,19895.33
2023-12-29,19824.27,19975.1,19727.02,19745.49
2024-01-01,19802.91,19842.99,19682.41,19797.32
2024-01-02,19669.69,20062.22,19616.69,19905.19
2024-01-03,19990.76,20085,19646.37,19678.22
2024-01-04,19586.91,20250.42,19538.28,20228.34
2024-01-05,20197.58,20233.7,20121.63,20180.68
2024-01-08,20320.31,20409.84,20187.28,20246.68
2024-01-09,20275.64,20332.51,20092.6,20173.4
2024-01-10,20229.21,20447.04,20025.91,20378.43
2024-01-11,20454.66,20537.96,19880.7,20033.98
2024-01-12,19990.64,20341.95,19839.05,20327.08
2024-01-15,20325.05,20539.44,19968.78,20090.97
2024-01-16,20271.67,20299.37,19776.59,19780.3
2024-01-17,19791.25,20096.35,19767.68,19946.97
2024-01-18,19961.51,20475.31,19772.98,20454.13
2024-01-19,20365.18,20401.22,20241.8,20381.62
2024-01-22,20449.79,20557.29,20240.61,20317.5
2024-01-23,20316.61,20448.68,20083.6,20130.11
2024-01-24,20108.75,20356.62,19796.62,19831.89
2024-01-25,19834.45,19981.13,19801.03,19824.13
2024-01-26,19731.72,20494.52,19665.58,20427.39
2024-01-29,20619.49,20765.76,20520.88,20671.32
2024-01-30,20732.81,20880.79,20628.29,20632.47
2024-01-31,20586.85,20984.57,20548.92,20950.93
2024-02-01,20930.44,21134.54,20602.52,20856.83
2024-02-02,20776.89,20990.22,20632.45,20844.72
2024-02-05,20822,20878.09,20770.64,20790.16
2024-02-06,20807.2,21099.54,20758.51,20948.63
2024-02-07,20974.42,20994.02,20830.4,20929.43
2024-02-08,20935.96,21581.82,20868.22,21544.99
2024-02-09,21313.62,21825.54,21136.56,21779.5
2024-02-12,21770.84,21842.63,21723.78,21802.64
2024-02-13,21712.29,21898.35,21435.76,21483.99
2024-02-14,21546.17,21803.08,21463.41,21744.99
2024-02-15,21726.14,21807.85,21418.35,21419.29
2024-02-16,21392.55,21744.87,21266.68,21584.5
2024-02-19,21702.76,21837.61,21214.67,21271.52
2024-02-20,21269.15,21340.02,20638.92,20663.96
2024-02-21,20669.7,20756.34,20435.08,20462.14
2024-02-22,20622.09,20722.2,20458.87,20630.24
2024-02-23,20548.68,20602.46,20421.71,20525.32
2024-02-26,20349.39,20726.02,20221.49,20533.4
2024-02-27,20561.64,20689.83,20048.45,20105.19
2024-02-28,20161.73,20167.75,19992.63,20053.78
2024-02-29,20028.92,20151.87,20011.78,20032.14
2024-03-01,20130.43,20244.57,19858.13,19961.45
2024-03-04,19926.1,20331.47,19864.18,20268.92
2024-03-05,20266.31,20267.88,19749.85,19964.37
2024-03-06,19938.69,20030.1,19823.62,19873.7
2024-03-07,19909.99,19941.9,19754.31,19806.44
2024-03-08,19813.17,19951.93,19616.02,19861.12
2024-03-11,19772.97,20079.65,19646.88,20069.61
2024-03-12,20018.4,20150.85,19946.74,20121.29
2024-03-13,20292.52,20337.24,20164.96,20252.36
2024-03-14,20218.7,20558.34,20061.91,20439.62
2024-03-15,20414.09,20750.01,20311.05,20702.9
2024-03-18,20698.65,20856.33,20631.04,20705.13
2024-03-19,20630.61,21208.92,20565.96,21182.32
2024-03-20,21187.77,21219.99,20890.89,20908.12
2024-03-21,20808.19,20990.27,20690.39,20705.26
2024-03-22,20572.54,20711.81,20539,20655.63
2024-03-25,20668.65,20978.16,20623.34,20872.27
2024-03-26,20958.38,21052.08,20226.52,20273.31
2024-03-27,20142.74,20379.54,20037.77,20366.54
2024-03-28,20361.03,20425.48,20290.12,20411.99
2024-03-29,20408.75,20695.98,20320.85,20570.57
2024-04-01,20528.83,21385.97,20384.03,21264.37
2024-04-02,21286.71,21406.04,21092.7,21373.5
2024-04-03,21348.29,21413.9,21170.36,21306.25
2024-04-04,21401.01,21574.76,20272.95,20602.76
2024-04-05,20551.3,20665.83,20512.15,20661.56
2024-04-08,20633.04,21160.69,20528.21,21070.97
2024-04-09,20961.12,21084.63,20841.67,21075.5
2024-04-10,21071.84,21555.54,21008.59,21554.01
2024-04-11,21536.36,21805.05,21424.58,21784.92
2024-04-12,21884.32,21937.6,21615.12,21660.26
2024-04-15,21553.61,21733.7,21111.56,21132.44
2024-04-16,21166.05,21740.93,21106.63,21710.71
2024-04-17,21549.14,21666.46,21535.29,21575.98
2024-04-18,21633.22,21668.62,21383.64,21424.9
2024-04-19,21520.83,21533,21384.83,21465.81
2024-04-22,21356.06,21366.12,21325.55,21335.02
2024-04-23,21332.47,21427.85,21250.58,21394.57
2024-04-24,21340.2,21479.2,20846.2,20947.18
2024-04-25,20908.53,21198.46,20793.24,21103.78
2024-04-26,21028.24,21125.11,20900.78,21101.77
2024-04-29,21139.85,21559.64,21004.67,21394.78
2024-04-30,21443.62,21553.61,21168.31,21289.24
2024-05-01,21273.66,21378.55,21146.29,21165.24
2024-05-02,21122.25,21200.16,21046.65,21196.36
2024-05-03,21223.89,21565.9,21193.16,21429.86
2024-05-06,21471.35,21793.33,21201.81,21791.43
2024-05-07,21779.89,21792.04,21380.11,21508.2
2024-05-08,21529.14,21876.61,21487.73,21729.58
2024-05-09,21793.4,21939.77,21323.24,21485.01
2024-05-10,21561.1,21636.15,20733.53,20920.15
2024-05-13,21083.93,21175.35,20816.61,20846.81
2024-05-14,20718.38,20926.99,20471.6,20908.09
2024-05-15,20885.17,21306.47,20696.88,21252.9
2024-05-16,21349.89,21555.21,20894.52,21026.79
2024-05-17,21068.79,21225.93,21029.4,21110.15
2024-05-20,21159.81,21203.79,20723.29,21118.57
2024-05-21,20910.66,21562.29,20814.94,21441.83
2024-05-22,21416.75,21612.29,21325.98,21540.76
2024-05-23,21596.24,21795.3,21386.7,21428.57
2024-05-24,21513.43,21586.21,21203.4,21230.28
2024-05-27,21256.08,21542.48,21164.87,21526.65
2024-05-28,21491.3,21554.71,21099.93,21172.95
2024-05-29,21259.67,21435.22,20462.67,20504.82
2024-05-30,20641.93,20728.89,20194.5,20236.88
2024-05-31,20125.39,20169.11,19838.54,20105.17
2024-06-03,20197.25,20239.19,19982.82,20014.65
2024-06-04,20145.75,20263.41,20011.85,20012.5
2024-06-05,19987.3,20243.35,19928.68,20111.73
2024-06-06,20104.3,21016.49,20047.92,21005.87
2024-06-07,21057.83,21106.25,20908,20970.48
2024-06-10,21059.86,21094.76,20448.09,20490.48
2024-06-11,20584.37,20673.19,20382.09,20513.01
2024-06-12,20590.45,21179.36,20512.74,21055.97
2024-06-13,21090.61,21345.2,21089.29,21163.15
2024-06-14,21122.95,21154.39,20990.93,21040.2
2024-06-17,21147.11,21403.13,20998.17,21273.42
2024-06-18,21205.44,21355.1,21097.27,21209.88
2024-06-19,21303.79,21495.13,21186.75,21430.67
2024-06-20,21419.6,21596.11,21377.93,21540.47
2024-06-21,21435.06,21614.53,21270.24,21393.6
2024-06-24,21573.74,21591.16,21454.51,21515.97
2024-06-25,21426.2,21593.5,21203.3,21295.21
2024-06-26,21404.76,21667.61,21350.26,21593.69
2024-06-27,21538.04,21856.61,21364.69,21375
2024-06-28,21255.05,21658.34,21168.96,21556.2
2024-07-01,21592,21726.72,21518.63,21691.92
2024-07-02,21704.35,21737.13,21314.59,21339.92
2024-07-03,21298.67,21310.45,20990.89,21246.09
2024-07-04,21050.19,21589.66,20988.14,21516.7
2024-07-05,21463.98,21515.64,21061.87,21227.05
2024-07-08,21364.24,21417.61,21138.72,21196.61
2024-07-09,21177.77,21435.87,21157.51,21240.9
2024-07-10,21209.82,21680.37,21122.79,21508.86
2024-07-11,21405.53,21900.76,21386.9,21808.43
2024-07-12,21805.56,21993.92,21793.24,21970.63
2024-07-15,22002.44,22281.99,21837.26,22159.59
2024-07-16,22100.51,22434.07,22024.93,22402.4
2024-07-17,22335.96,22361.2,21582.97,21741.33
2024-07-18,21780.37,22172.11,21767.86,22107.59
2024-07-19,22052.17,22245.92,22010.09,22182.8
2024-07-22,22474.21,22685.75,21746.35,22057.9
2024-07-23,22038.62,22063.35,21806.37,21842.96
2024-07-24,21801.19,21930.17,21603.32,21855.69
2024-07-25,21842.96,21994.8,21807.84,21952.99
2024-07-26,21967.14,22406.14,21828.48,22349.41
2024-07-29,22327.13,22375.21,22120.17,22227.55
2024-07-30,22280.91,22671.01,22230.91,22569.77
2024-07-31,22504.44,23254.9,22461.95,23139.44
2024-08-01,23039.18,23335.43,22881.8,23327.54
2024-08-02,23198.68,23432.52,23107.38,23124.86
2024-08-05,23161.19,23214.73,22888.32,22964.51
2024-08-06,23000.06,23153.7,22365.45,22398.96
2024-08-07,22448.25,22651.07,22324.68,22362.84
2024-08-08,22493.68,22616.98,22170.76,22269.18
2024-08-09,22314.33,22320,22082.89,22263.83
2024-08-12,22228.67,22612.3,22189.29,22431.49
2024-08-13,22483.96,22551.76,22288.44,22420.87
2024-08-14,22576.86,22646.74,22411.76,22535.17
2024-08-15,22570.79,22796.48,22558.15,22748.57
2024-08-16,22744.09,22751.4,22677.03,22724.1
2024-08-19,22763.92,22974.83,22653.72,22913.95
2024-08-20,22933.18,22939.84,22685.5,22773.41
2024-08-21,22769.96,22912.81,22659.46,22698.62
2024-08-22,22594.31,22905.63,22542.87,22816.18
2024-08-23,22816.9,22983.13,22290.27,22466.45
2024-08-26,22599.74,23249.46,22503.63,23060.88
2024-08-27,22949.94,23868.27,22779.12,23657.66
2024-08-28,23769.92,24553.11,23701.55,24408.64
2024-08-29,24402.03,24512.3,23545.48,23651.03
2024-08-30,23611.72,23901.91,23404.5,23864.76
2024-09-02,24013.58,24426.32,23989.23,24421.07
2024-09-03,24493.72,24766.14,24479.73,24714.63
2024-09-04,24930.13,25003.98,24927.03,24995.53
2024-09-05,24995.9,25691.71,24969.58,25644.21
2024-09-06,25673.38,26098.56,25568.39,25923.9
2024-09-09,26140.57,26176.26,25502.51,25617.06
2024-09-10,25708.1,25867.56,25586.03,25701.46
2024-09-11,25805.72,26402.37,25713.13,26222.98
2024-09-12,26284.96,26667.08,26203.88,26571.04
2024-09-13,26616.39,27676.56,26550.77,27412.9
2024-09-16,27516.48,27600.76,26789.19,26797.24
2024-09-17,26875.25,27003.87,25998.81,26164.22
2024-09-18,26312.86,26455.28,26227.89,26290.94
2024-09-19,26322.5,26420.28,25774.24,25903.14
2024-09-20,26106.71,26285.9,25765.28,25846.47
2024-09-23,25884.36,26354.09,25750.06,26189.32
2024-09-24,26323.53,26409.34,25590.74,25731.12
2024-09-25,25720.35,25965.69,25006.84,25354.73
2024-09-26,25586.91,25587.81,25254.85,25312.82
2024-09-27,25270.22,25520.51,25101.75,25413.14
2024-09-30,25515.42,25574.07,25120.1,25304.02
2024-10-01,25247.16,25290.31,25194.9,25233.35
2024-10-02,25240.17,25289.65,24889.66,24990.46
2024-10-03,24956.45,25218.61,24567.14,24626.78
2024-10-04,24713.91,25206.33,24644.39,25052.64
2024-10-07,25023,25352.14,24983.76,25302.42
2024-10-08,25222.01,25483.98,25191.17,25263.87
2024-10-09,25186.83,25341.15,24959.19,24963.12
2024-10-10,24951.58,25031.92,24630.48,24827.36
2024-10-11,24892.26,25105.03,24696.8,25015.82
2024-10-14,24977.93,25061.15,24763.72,24918.78
2024-10-15,24996.19,25295.33,24990.1,25231.24
2024-10-16,25220.22,25252.46,25192.15,25209.72
2024-10-17,25221.88,25402.04,25094.32,25285.81
2024-10-18,25175.39,25464.31,25093.85,25275.28
2024-10-21,25331.7,25639.39,25183.39,25457.02
2024-10-22,25541.22,25593.31,25224.31,25429.39
2024-10-23,25368.13,25701.63,25316.96,25675.34
2024-10-24,25648.16,26058.31,25619.44,26017.95
2024-10-25,25933.46,26226.82,25904.7,26202.89
2024-10-28,26167.42,26235.82,25149.83,25169.39
2024-10-29,25209.47,25263.19,24702.39,24953.71
2024-10-30,25021.13,25191.24,24844.02,24891.43
2024-10-31,24799.72,24851.1,24334.37,24536.12
2024-11-01,24447.55,25055.63,24328.34,24724.12
2024-11-04,24630.21,24841.02,24536.53,24720.44
2024-11-05,24694.5,24795.67,24631.36,24654.75
2024-11-06,24703.64,25190.86,24699.59,25045.13
2024-11-07,25155.3,25242.09,24963.2,24985.84
2024-11-08,25072.74,25175,24404.41,24745.88
2024-11-11,24560.95,24840.31,24504.17,24787.25
2024-11-12,24920.47,25280.06,24830.88,25248.62
2024-11-13,25296.04,25369.65,25024.56,25126.78
2024-11-14,25243.5,25427.07,25234.64,25350.15
2024-11-15,25293.79,25762.99,25156.36,25655.33
2024-11-18,25769.94,25921.25,25403.41,25612.44
2024-11-19,25555.12,25713.17,25399.9,25458.83
2024-11-20,25456.35,25562.14,24835.81,24880.92
2024-11-21,24731.21,25367.86,24665.46,25069.17
2024-11-22,25104.92,25208.04,24748.14,24910.1
2024-11-25,24786.43,25585.91,24693.91,25135.08
2024-11-26,25224.28,25470.08,25165.57,25409.61
2024-11-27,25543.84,25673.67,24950.22,25147.47
2024-11-28,25155.4,25517.35,24899.36,25380.47
2024-11-29,25555.42,25572.81,25071.71,25142.01
2024-12-02,25238.31,25316.61,25183.13,25300.37
2024-12-03,25385.23,25482.23,25072.98,25255.48
2024-12-04,25299.81,25331.94,25161.55,25186.54
2024-12-05,25198.23,25320.6,24946.57,25050.6
2024-12-06,25019.77,25115.21,24240.61,24575.81
2024-12-09,24510.46,24689.11,24490.17,24593.9
2024-12-10,24639.77,24655.84,24517.08,24541.54
2024-12-11,24400.7,24730.43,24354.99,24603.29
2024-12-12,24630.81,24827.2,24163.56,24355.61
2024-12-13,24340.72,24690.18,24339.22,24560.89
2024-12-16,24621.12,25021.23,24608.09,24841.23
2024-12-17,24938.91,25454.61,24754.01,25294.36
2024-12-18,25335.07,25409.07,25099.94,25105.24
2024-12-19,25183.68,25266.15,25131.37,25188.86
2024-12-20,25227,25259.07,24986.7,25226.45
2024-12-23,25111.16,25322.37,24523.06,24681.12
2024-12-24,24856.72,24899.89,24615.13,24758.21
2024-12-25,24736.16,24869.68,24643.69,24647.41
2024-12-26,24592.93,24645.28,24311.34,24345.5
2024-12-27,24504.99,24707.52,23863.33,24054.5
2024-12-30,23967.18,24357.9,23882.58,24338.53
2024-12-31,24451.87,24599.53,24374.57,24400.88
2025-01-01,24492.92,24675.9,24384.99,24652.28
2025-01-02,24581.5,25170.86,24299.09,25018.22
2025-01-03,25023.14,25048.51,24763.74,24915.57
2025-01-06,24906.34,25059.32,24656.19,24766.39
2025-01-07,24786.31,24960.51,24105.59,24268.5
2025-01-08,24039.59,24932.43,23822.82,24752.14
2025-01-09,24635.74,24801.92,24536.45,24629.68
2025-01-10,24681.09,24911.53,24202.28,24350.85
2025-01-13,24283.72,24328.37,24113.64,24206.28
2025-01-14,24177.04,24222.54,23943.28,24222.46
2025-01-15,23997.47,24200.54,23821.25,24146.05
2025-01-16,24013.01,24373.63,23998.29,24200.83
2025-01-17,24268.54,24575.54,24181.33,24486.29
2025-01-20,24523.75,24664.95,24475.59,24553
2025-01-21,24670.17,24772.99,24464.53,24536.11
2025-01-22,24385.03,24431.75,24201.81,24209.77
2025-01-23,24314.04,24450.82,23964.13,24091.78
2025-01-24,24089,24522.91,24088.15,24457.44
2025-01-27,24554.82,24696.62,23616.58,23762.22
2025-01-28,23883.65,23910.13,23565.88,23646.2
2025-01-29,23712.45,23808.48,23627.9,23635.05
2025-01-30,23634.02,23850.43,23509.92,23737.74
2025-01-31,23709.28,23863.98,23330.42,23406.95